[2025-10-30 03:17:33] local.ERROR: SQLSTATE[HY000] [1049] Unknown database 'dbapp' (Connection: mysql, SQL: select * from `sessions` where `id` = 5OyvVvdPCZrtHbGrshADN646Vm7IZfGC5cT0P2BN limit 1) {"exception":"[object] (Illuminate\\Database\\QueryException(code: 1049): SQLSTATE[HY000] [1049] Unknown database 'dbapp' (Connection: mysql, SQL: select * from `sessions` where `id` = 5OyvVvdPCZrtHbGrshADN646Vm7IZfGC5cT0P2BN limit 1) at /var/www/html/practica/vendor/laravel/framework/src/Illuminate/Database/Connection.php:824)
[stacktrace]
#0 /var/www/html/practica/vendor/laravel/framework/src/Illuminate/Database/Connection.php(778): Illuminate\\Database\\Connection->runQueryCallback('select * from `...', Array, Object(Closure))
#1 /var/www/html/practica/vendor/laravel/framework/src/Illuminate/Database/Connection.php(397): Illuminate\\Database\\Connection->run('select * from `...', Array, Object(Closure))
#2 /var/www/html/practica/vendor/laravel/framework/src/Illuminate/Database/Query/Builder.php(3188): Illuminate\\Database\\Connection->select('select * from `...', Array, false)
#3 /var/www/html/practica/vendor/laravel/framework/src/Illuminate/Database/Query/Builder.php(3173): Illuminate\\Database\\Query\\Builder->runSelect()
#4 /var/www/html/practica/vendor/laravel/framework/src/Illuminate/Database/Query/Builder.php(3763): Illuminate\\Database\\Query\\Builder->Illuminate\\Database\\Query\\{closure}()
#5 /var/www/html/practica/vendor/laravel/framework/src/Illuminate/Database/Query/Builder.php(3172): Illuminate\\Database\\Query\\Builder->onceWithColumns(Array, Object(Closure))
#6 /var/www/html/practica/vendor/laravel/framework/src/Illuminate/Database/Concerns/BuildsQueries.php(366): Illuminate\\Database\\Query\\Builder->get(Array)
#7 /var/www/html/practica/vendor/laravel/framework/src/Illuminate/Database/Query/Builder.php(3095): Illuminate\\Database\\Query\\Builder->first(Array)
#8 /var/www/html/practica/vendor/laravel/framework/src/Illuminate/Session/DatabaseSessionHandler.php(96): Illuminate\\Database\\Query\\Builder->find('5OyvVvdPCZrtHbG...')
#9 /var/www/html/practica/vendor/laravel/framework/src/Illuminate/Session/Store.php(117): Illuminate\\Session\\DatabaseSessionHandler->read('5OyvVvdPCZrtHbG...')
#10 /var/www/html/practica/vendor/laravel/framework/src/Illuminate/Session/Store.php(105): Illuminate\\Session\\Store->readFromHandler()
#11 /var/www/html/practica/vendor/laravel/framework/src/Illuminate/Session/Store.php(89): Illuminate\\Session\\Store->loadSession()
#12 /var/www/html/practica/vendor/laravel/framework/src/Illuminate/Session/Middleware/StartSession.php(146): Illuminate\\Session\\Store->start()
#13 /var/www/html/practica/vendor/laravel/framework/src/Illuminate/Support/helpers.php(390): Illuminate\\Session\\Middleware\\StartSession->Illuminate\\Session\\Middleware\\{closure}(Object(Illuminate\\Session\\Store))
#14 /var/www/html/practica/vendor/laravel/framework/src/Illuminate/Session/Middleware/StartSession.php(143): tap(Object(Illuminate\\Session\\Store), Object(Closure))
#15 /var/www/html/practica/vendor/laravel/framework/src/Illuminate/Session/Middleware/StartSession.php(115): Illuminate\\Session\\Middleware\\StartSession->startSession(Object(Illuminate\\Http\\Request), Object(Illuminate\\Session\\Store))
#16 /var/www/html/practica/vendor/laravel/framework/src/Illuminate/Session/Middleware/StartSession.php(63): Illuminate\\Session\\Middleware\\StartSession->handleStatefulRequest(Object(Illuminate\\Http\\Request), Object(Illuminate\\Session\\Store), Object(Closure))
#17 /var/www/html/practica/vendor/laravel/framework/src/Illuminate/Pipeline/Pipeline.php(219): Illuminate\\Session\\Middleware\\StartSession->handle(Object(Illuminate\\Http\\Request), Object(Closure))
#18 /var/www/html/practica/vendor/laravel/framework/src/Illuminate/Cookie/Middleware/AddQueuedCookiesToResponse.php(36): Illuminate\\Pipeline\\Pipeline->Illuminate\\Pipeline\\{closure}(Object(Illuminate\\Http\\Request))
#19 /var/www/html/practica/vendor/laravel/framework/src/Illuminate/Pipeline/Pipeline.php(219): Illuminate\\Cookie\\Middleware\\AddQueuedCookiesToResponse->handle(Object(Illuminate\\Http\\Request), Object(Closure))
#20 /var/www/html/practica/vendor/laravel/framework/src/Illuminate/Cookie/Middleware/EncryptCookies.php(74): Illuminate\\Pipeline\\Pipeline->Illuminate\\Pipeline\\{closure}(Object(Illuminate\\Http\\Request))
#21 /var/www/html/practica/vendor/laravel/framework/src/Illuminate/Pipeline/Pipeline.php(219): Illuminate\\Cookie\\Middleware\\EncryptCookies->handle(Object(Illuminate\\Http\\Request), Object(Closure))
#22 /var/www/html/practica/vendor/laravel/framework/src/Illuminate/Pipeline/Pipeline.php(137): Illuminate\\Pipeline\\Pipeline->Illuminate\\Pipeline\\{closure}(Object(Illuminate\\Http\\Request))
#23 /var/www/html/practica/vendor/laravel/framework/src/Illuminate/Routing/Router.php(821): Illuminate\\Pipeline\\Pipeline->then(Object(Closure))
#24 /var/www/html/practica/vendor/laravel/framework/src/Illuminate/Routing/Router.php(800): Illuminate\\Routing\\Router->runRouteWithinStack(Object(Illuminate\\Routing\\Route), Object(Illuminate\\Http\\Request))
#25 /var/www/html/practica/vendor/laravel/framework/src/Illuminate/Routing/Router.php(764): Illuminate\\Routing\\Router->runRoute(Object(Illuminate\\Http\\Request), Object(Illuminate\\Routing\\Route))
#26 /var/www/html/practica/vendor/laravel/framework/src/Illuminate/Routing/Router.php(753): Illuminate\\Routing\\Router->dispatchToRoute(Object(Illuminate\\Http\\Request))
#27 /var/www/html/practica/vendor/laravel/framework/src/Illuminate/Foundation/Http/Kernel.php(200): Illuminate\\Routing\\Router->dispatch(Object(Illuminate\\Http\\Request))
#28 /var/www/html/practica/vendor/laravel/framework/src/Illuminate/Pipeline/Pipeline.php(180): Illuminate\\Foundation\\Http\\Kernel->Illuminate\\Foundation\\Http\\{closure}(Object(Illuminate\\Http\\Request))
#29 /var/www/html/practica/vendor/laravel/framework/src/Illuminate/Foundation/Http/Middleware/TransformsRequest.php(21): Illuminate\\Pipeline\\Pipeline->Illuminate\\Pipeline\\{closure}(Object(Illuminate\\Http\\Request))
#30 /var/www/html/practica/vendor/laravel/framework/src/Illuminate/Foundation/Http/Middleware/ConvertEmptyStringsToNull.php(31): Illuminate\\Foundation\\Http\\Middleware\\TransformsRequest->handle(Object(Illuminate\\Http\\Request), Object(Closure))
#31 /var/www/html/practica/vendor/laravel/framework/src/Illuminate/Pipeline/Pipeline.php(219): Illuminate\\Foundation\\Http\\Middleware\\ConvertEmptyStringsToNull->handle(Object(Illuminate\\Http\\Request), Object(Closure))
#32 /var/www/html/practica/vendor/laravel/framework/src/Illuminate/Foundation/Http/Middleware/TransformsRequest.php(21): Illuminate\\Pipeline\\Pipeline->Illuminate\\Pipeline\\{closure}(Object(Illuminate\\Http\\Request))
#33 /var/www/html/practica/vendor/laravel/framework/src/Illuminate/Foundation/Http/Middleware/TrimStrings.php(51): Illuminate\\Foundation\\Http\\Middleware\\TransformsRequest->handle(Object(Illuminate\\Http\\Request), Object(Closure))
#34 /var/www/html/practica/vendor/laravel/framework/src/Illuminate/Pipeline/Pipeline.php(219): Illuminate\\Foundation\\Http\\Middleware\\TrimStrings->handle(Object(Illuminate\\Http\\Request), Object(Closure))
#35 /var/www/html/practica/vendor/laravel/framework/src/Illuminate/Http/Middleware/ValidatePostSize.php(27): Illuminate\\Pipeline\\Pipeline->Illuminate\\Pipeline\\{closure}(Object(Illuminate\\Http\\Request))
#36 /var/www/html/practica/vendor/laravel/framework/src/Illuminate/Pipeline/Pipeline.php(219): Illuminate\\Http\\Middleware\\ValidatePostSize->handle(Object(Illuminate\\Http\\Request), Object(Closure))
#37 /var/www/html/practica/vendor/laravel/framework/src/Illuminate/Foundation/Http/Middleware/PreventRequestsDuringMaintenance.php(109): Illuminate\\Pipeline\\Pipeline->Illuminate\\Pipeline\\{closure}(Object(Illuminate\\Http\\Request))
#38 /var/www/html/practica/vendor/laravel/framework/src/Illuminate/Pipeline/Pipeline.php(219): Illuminate\\Foundation\\Http\\Middleware\\PreventRequestsDuringMaintenance->handle(Object(Illuminate\\Http\\Request), Object(Closure))
#39 /var/www/html/practica/vendor/laravel/framework/src/Illuminate/Http/Middleware/HandleCors.php(48): Illuminate\\Pipeline\\Pipeline->Illuminate\\Pipeline\\{closure}(Object(Illuminate\\Http\\Request))
#40 /var/www/html/practica/vendor/laravel/framework/src/Illuminate/Pipeline/Pipeline.php(219): Illuminate\\Http\\Middleware\\HandleCors->handle(Object(Illuminate\\Http\\Request), Object(Closure))
#41 /var/www/html/practica/vendor/laravel/framework/src/Illuminate/Http/Middleware/TrustProxies.php(58): Illuminate\\Pipeline\\Pipeline->Illuminate\\Pipeline\\{closure}(Object(Illuminate\\Http\\Request))
#42 /var/www/html/practica/vendor/laravel/framework/src/Illuminate/Pipeline/Pipeline.php(219): Illuminate\\Http\\Middleware\\TrustProxies->handle(Object(Illuminate\\Http\\Request), Object(Closure))
#43 /var/www/html/practica/vendor/laravel/framework/src/Illuminate/Foundation/Http/Middleware/InvokeDeferredCallbacks.php(22): Illuminate\\Pipeline\\Pipeline->Illuminate\\Pipeline\\{closure}(Object(Illuminate\\Http\\Request))
#44 /var/www/html/practica/vendor/laravel/framework/src/Illuminate/Pipeline/Pipeline.php(219): Illuminate\\Foundation\\Http\\Middleware\\InvokeDeferredCallbacks->handle(Object(Illuminate\\Http\\Request), Object(Closure))
#45 /var/www/html/practica/vendor/laravel/framework/src/Illuminate/Http/Middleware/ValidatePathEncoding.php(26): Illuminate\\Pipeline\\Pipeline->Illuminate\\Pipeline\\{closure}(Object(Illuminate\\Http\\Request))
#46 /var/www/html/practica/vendor/laravel/framework/src/Illuminate/Pipeline/Pipeline.php(219): Illuminate\\Http\\Middleware\\ValidatePathEncoding->handle(Object(Illuminate\\Http\\Request), Object(Closure))
#47 /var/www/html/practica/vendor/laravel/framework/src/Illuminate/Pipeline/Pipeline.php(137): Illuminate\\Pipeline\\Pipeline->Illuminate\\Pipeline\\{closure}(Object(Illuminate\\Http\\Request))
#48 /var/www/html/practica/vendor/laravel/framework/src/Illuminate/Foundation/Http/Kernel.php(175): Illuminate\\Pipeline\\Pipeline->then(Object(Closure))
#49 /var/www/html/practica/vendor/laravel/framework/src/Illuminate/Foundation/Http/Kernel.php(144): Illuminate\\Foundation\\Http\\Kernel->sendRequestThroughRouter(Object(Illuminate\\Http\\Request))
#50 /var/www/html/practica/vendor/laravel/framework/src/Illuminate/Foundation/Application.php(1220): Illuminate\\Foundation\\Http\\Kernel->handle(Object(Illuminate\\Http\\Request))
#51 /var/www/html/practica/public/index.php(20): Illuminate\\Foundation\\Application->handleRequest(Object(Illuminate\\Http\\Request))
#52 {main}

[previous exception] [object] (PDOException(code: 1049): SQLSTATE[HY000] [1049] Unknown database 'dbapp' at /var/www/html/practica/vendor/laravel/framework/src/Illuminate/Database/Connectors/Connector.php:66)
[stacktrace]
#0 /var/www/html/practica/vendor/laravel/framework/src/Illuminate/Database/Connectors/Connector.php(66): PDO->__construct('mysql:host=db;p...', 'root', Object(SensitiveParameterValue), Array)
#1 /var/www/html/practica/vendor/laravel/framework/src/Illuminate/Database/Connectors/Connector.php(44): Illuminate\\Database\\Connectors\\Connector->createPdoConnection('mysql:host=db;p...', 'root', Object(SensitiveParameterValue), Array)
#2 /var/www/html/practica/vendor/laravel/framework/src/Illuminate/Database/Connectors/MySqlConnector.php(24): Illuminate\\Database\\Connectors\\Connector->createConnection('mysql:host=db;p...', Array, Array)
#3 /var/www/html/practica/vendor/laravel/framework/src/Illuminate/Database/Connectors/ConnectionFactory.php(184): Illuminate\\Database\\Connectors\\MySqlConnector->connect(Array)
#4 [internal function]: Illuminate\\Database\\Connectors\\ConnectionFactory->Illuminate\\Database\\Connectors\\{closure}()
#5 /var/www/html/practica/vendor/laravel/framework/src/Illuminate/Database/Connection.php(1234): call_user_func(Object(Closure))
#6 /var/www/html/practica/vendor/laravel/framework/src/Illuminate/Database/Connection.php(511): Illuminate\\Database\\Connection->getPdo()
#7 /var/www/html/practica/vendor/laravel/framework/src/Illuminate/Database/Connection.php(406): Illuminate\\Database\\Connection->getPdoForSelect(false)
#8 /var/www/html/practica/vendor/laravel/framework/src/Illuminate/Database/Connection.php(811): Illuminate\\Database\\Connection->Illuminate\\Database\\{closure}('select * from `...', Array)
#9 /var/www/html/practica/vendor/laravel/framework/src/Illuminate/Database/Connection.php(778): Illuminate\\Database\\Connection->runQueryCallback('select * from `...', Array, Object(Closure))
#10 /var/www/html/practica/vendor/laravel/framework/src/Illuminate/Database/Connection.php(397): Illuminate\\Database\\Connection->run('select * from `...', Array, Object(Closure))
#11 /var/www/html/practica/vendor/laravel/framework/src/Illuminate/Database/Query/Builder.php(3188): Illuminate\\Database\\Connection->select('select * from `...', Array, false)
#12 /var/www/html/practica/vendor/laravel/framework/src/Illuminate/Database/Query/Builder.php(3173): Illuminate\\Database\\Query\\Builder->runSelect()
#13 /var/www/html/practica/vendor/laravel/framework/src/Illuminate/Database/Query/Builder.php(3763): Illuminate\\Database\\Query\\Builder->Illuminate\\Database\\Query\\{closure}()
#14 /var/www/html/practica/vendor/laravel/framework/src/Illuminate/Database/Query/Builder.php(3172): Illuminate\\Database\\Query\\Builder->onceWithColumns(Array, Object(Closure))
#15 /var/www/html/practica/vendor/laravel/framework/src/Illuminate/Database/Concerns/BuildsQueries.php(366): Illuminate\\Database\\Query\\Builder->get(Array)
#16 /var/www/html/practica/vendor/laravel/framework/src/Illuminate/Database/Query/Builder.php(3095): Illuminate\\Database\\Query\\Builder->first(Array)
#17 /var/www/html/practica/vendor/laravel/framework/src/Illuminate/Session/DatabaseSessionHandler.php(96): Illuminate\\Database\\Query\\Builder->find('5OyvVvdPCZrtHbG...')
#18 /var/www/html/practica/vendor/laravel/framework/src/Illuminate/Session/Store.php(117): Illuminate\\Session\\DatabaseSessionHandler->read('5OyvVvdPCZrtHbG...')
#19 /var/www/html/practica/vendor/laravel/framework/src/Illuminate/Session/Store.php(105): Illuminate\\Session\\Store->readFromHandler()
#20 /var/www/html/practica/vendor/laravel/framework/src/Illuminate/Session/Store.php(89): Illuminate\\Session\\Store->loadSession()
#21 /var/www/html/practica/vendor/laravel/framework/src/Illuminate/Session/Middleware/StartSession.php(146): Illuminate\\Session\\Store->start()
#22 /var/www/html/practica/vendor/laravel/framework/src/Illuminate/Support/helpers.php(390): Illuminate\\Session\\Middleware\\StartSession->Illuminate\\Session\\Middleware\\{closure}(Object(Illuminate\\Session\\Store))
#23 /var/www/html/practica/vendor/laravel/framework/src/Illuminate/Session/Middleware/StartSession.php(143): tap(Object(Illuminate\\Session\\Store), Object(Closure))
#24 /var/www/html/practica/vendor/laravel/framework/src/Illuminate/Session/Middleware/StartSession.php(115): Illuminate\\Session\\Middleware\\StartSession->startSession(Object(Illuminate\\Http\\Request), Object(Illuminate\\Session\\Store))
#25 /var/www/html/practica/vendor/laravel/framework/src/Illuminate/Session/Middleware/StartSession.php(63): Illuminate\\Session\\Middleware\\StartSession->handleStatefulRequest(Object(Illuminate\\Http\\Request), Object(Illuminate\\Session\\Store), Object(Closure))
#26 /var/www/html/practica/vendor/laravel/framework/src/Illuminate/Pipeline/Pipeline.php(219): Illuminate\\Session\\Middleware\\StartSession->handle(Object(Illuminate\\Http\\Request), Object(Closure))
#27 /var/www/html/practica/vendor/laravel/framework/src/Illuminate/Cookie/Middleware/AddQueuedCookiesToResponse.php(36): Illuminate\\Pipeline\\Pipeline->Illuminate\\Pipeline\\{closure}(Object(Illuminate\\Http\\Request))
#28 /var/www/html/practica/vendor/laravel/framework/src/Illuminate/Pipeline/Pipeline.php(219): Illuminate\\Cookie\\Middleware\\AddQueuedCookiesToResponse->handle(Object(Illuminate\\Http\\Request), Object(Closure))
#29 /var/www/html/practica/vendor/laravel/framework/src/Illuminate/Cookie/Middleware/EncryptCookies.php(74): Illuminate\\Pipeline\\Pipeline->Illuminate\\Pipeline\\{closure}(Object(Illuminate\\Http\\Request))
#30 /var/www/html/practica/vendor/laravel/framework/src/Illuminate/Pipeline/Pipeline.php(219): Illuminate\\Cookie\\Middleware\\EncryptCookies->handle(Object(Illuminate\\Http\\Request), Object(Closure))
#31 /var/www/html/practica/vendor/laravel/framework/src/Illuminate/Pipeline/Pipeline.php(137): Illuminate\\Pipeline\\Pipeline->Illuminate\\Pipeline\\{closure}(Object(Illuminate\\Http\\Request))
#32 /var/www/html/practica/vendor/laravel/framework/src/Illuminate/Routing/Router.php(821): Illuminate\\Pipeline\\Pipeline->then(Object(Closure))
#33 /var/www/html/practica/vendor/laravel/framework/src/Illuminate/Routing/Router.php(800): Illuminate\\Routing\\Router->runRouteWithinStack(Object(Illuminate\\Routing\\Route), Object(Illuminate\\Http\\Request))
#34 /var/www/html/practica/vendor/laravel/framework/src/Illuminate/Routing/Router.php(764): Illuminate\\Routing\\Router->runRoute(Object(Illuminate\\Http\\Request), Object(Illuminate\\Routing\\Route))
#35 /var/www/html/practica/vendor/laravel/framework/src/Illuminate/Routing/Router.php(753): Illuminate\\Routing\\Router->dispatchToRoute(Object(Illuminate\\Http\\Request))
#36 /var/www/html/practica/vendor/laravel/framework/src/Illuminate/Foundation/Http/Kernel.php(200): Illuminate\\Routing\\Router->dispatch(Object(Illuminate\\Http\\Request))
#37 /var/www/html/practica/vendor/laravel/framework/src/Illuminate/Pipeline/Pipeline.php(180): Illuminate\\Foundation\\Http\\Kernel->Illuminate\\Foundation\\Http\\{closure}(Object(Illuminate\\Http\\Request))
#38 /var/www/html/practica/vendor/laravel/framework/src/Illuminate/Foundation/Http/Middleware/TransformsRequest.php(21): Illuminate\\Pipeline\\Pipeline->Illuminate\\Pipeline\\{closure}(Object(Illuminate\\Http\\Request))
#39 /var/www/html/practica/vendor/laravel/framework/src/Illuminate/Foundation/Http/Middleware/ConvertEmptyStringsToNull.php(31): Illuminate\\Foundation\\Http\\Middleware\\TransformsRequest->handle(Object(Illuminate\\Http\\Request), Object(Closure))
#40 /var/www/html/practica/vendor/laravel/framework/src/Illuminate/Pipeline/Pipeline.php(219): Illuminate\\Foundation\\Http\\Middleware\\ConvertEmptyStringsToNull->handle(Object(Illuminate\\Http\\Request), Object(Closure))
#41 /var/www/html/practica/vendor/laravel/framework/src/Illuminate/Foundation/Http/Middleware/TransformsRequest.php(21): Illuminate\\Pipeline\\Pipeline->Illuminate\\Pipeline\\{closure}(Object(Illuminate\\Http\\Request))
#42 /var/www/html/practica/vendor/laravel/framework/src/Illuminate/Foundation/Http/Middleware/TrimStrings.php(51): Illuminate\\Foundation\\Http\\Middleware\\TransformsRequest->handle(Object(Illuminate\\Http\\Request), Object(Closure))
#43 /var/www/html/practica/vendor/laravel/framework/src/Illuminate/Pipeline/Pipeline.php(219): Illuminate\\Foundation\\Http\\Middleware\\TrimStrings->handle(Object(Illuminate\\Http\\Request), Object(Closure))
#44 /var/www/html/practica/vendor/laravel/framework/src/Illuminate/Http/Middleware/ValidatePostSize.php(27): Illuminate\\Pipeline\\Pipeline->Illuminate\\Pipeline\\{closure}(Object(Illuminate\\Http\\Request))
#45 /var/www/html/practica/vendor/laravel/framework/src/Illuminate/Pipeline/Pipeline.php(219): Illuminate\\Http\\Middleware\\ValidatePostSize->handle(Object(Illuminate\\Http\\Request), Object(Closure))
#46 /var/www/html/practica/vendor/laravel/framework/src/Illuminate/Foundation/Http/Middleware/PreventRequestsDuringMaintenance.php(109): Illuminate\\Pipeline\\Pipeline->Illuminate\\Pipeline\\{closure}(Object(Illuminate\\Http\\Request))
#47 /var/www/html/practica/vendor/laravel/framework/src/Illuminate/Pipeline/Pipeline.php(219): Illuminate\\Foundation\\Http\\Middleware\\PreventRequestsDuringMaintenance->handle(Object(Illuminate\\Http\\Request), Object(Closure))
#48 /var/www/html/practica/vendor/laravel/framework/src/Illuminate/Http/Middleware/HandleCors.php(48): Illuminate\\Pipeline\\Pipeline->Illuminate\\Pipeline\\{closure}(Object(Illuminate\\Http\\Request))
#49 /var/www/html/practica/vendor/laravel/framework/src/Illuminate/Pipeline/Pipeline.php(219): Illuminate\\Http\\Middleware\\HandleCors->handle(Object(Illuminate\\Http\\Request), Object(Closure))
#50 /var/www/html/practica/vendor/laravel/framework/src/Illuminate/Http/Middleware/TrustProxies.php(58): Illuminate\\Pipeline\\Pipeline->Illuminate\\Pipeline\\{closure}(Object(Illuminate\\Http\\Request))
#51 /var/www/html/practica/vendor/laravel/framework/src/Illuminate/Pipeline/Pipeline.php(219): Illuminate\\Http\\Middleware\\TrustProxies->handle(Object(Illuminate\\Http\\Request), Object(Closure))
#52 /var/www/html/practica/vendor/laravel/framework/src/Illuminate/Foundation/Http/Middleware/InvokeDeferredCallbacks.php(22): Illuminate\\Pipeline\\Pipeline->Illuminate\\Pipeline\\{closure}(Object(Illuminate\\Http\\Request))
#53 /var/www/html/practica/vendor/laravel/framework/src/Illuminate/Pipeline/Pipeline.php(219): Illuminate\\Foundation\\Http\\Middleware\\InvokeDeferredCallbacks->handle(Object(Illuminate\\Http\\Request), Object(Closure))
#54 /var/www/html/practica/vendor/laravel/framework/src/Illuminate/Http/Middleware/ValidatePathEncoding.php(26): Illuminate\\Pipeline\\Pipeline->Illuminate\\Pipeline\\{closure}(Object(Illuminate\\Http\\Request))
#55 /var/www/html/practica/vendor/laravel/framework/src/Illuminate/Pipeline/Pipeline.php(219): Illuminate\\Http\\Middleware\\ValidatePathEncoding->handle(Object(Illuminate\\Http\\Request), Object(Closure))
#56 /var/www/html/practica/vendor/laravel/framework/src/Illuminate/Pipeline/Pipeline.php(137): Illuminate\\Pipeline\\Pipeline->Illuminate\\Pipeline\\{closure}(Object(Illuminate\\Http\\Request))
#57 /var/www/html/practica/vendor/laravel/framework/src/Illuminate/Foundation/Http/Kernel.php(175): Illuminate\\Pipeline\\Pipeline->then(Object(Closure))
#58 /var/www/html/practica/vendor/laravel/framework/src/Illuminate/Foundation/Http/Kernel.php(144): Illuminate\\Foundation\\Http\\Kernel->sendRequestThroughRouter(Object(Illuminate\\Http\\Request))
#59 /var/www/html/practica/vendor/laravel/framework/src/Illuminate/Foundation/Application.php(1220): Illuminate\\Foundation\\Http\\Kernel->handle(Object(Illuminate\\Http\\Request))
#60 /var/www/html/practica/public/index.php(20): Illuminate\\Foundation\\Application->handleRequest(Object(Illuminate\\Http\\Request))
#61 {main}
"} 
[2025-10-30 03:18:02] local.ERROR: SQLSTATE[42S02]: Base table or view not found: 1146 Table 'appdb.sessions' doesn't exist (Connection: mysql, SQL: select * from `sessions` where `id` = 5OyvVvdPCZrtHbGrshADN646Vm7IZfGC5cT0P2BN limit 1) {"exception":"[object] (Illuminate\\Database\\QueryException(code: 42S02): SQLSTATE[42S02]: Base table or view not found: 1146 Table 'appdb.sessions' doesn't exist (Connection: mysql, SQL: select * from `sessions` where `id` = 5OyvVvdPCZrtHbGrshADN646Vm7IZfGC5cT0P2BN limit 1) at /var/www/html/practica/vendor/laravel/framework/src/Illuminate/Database/Connection.php:824)
[stacktrace]
#0 /var/www/html/practica/vendor/laravel/framework/src/Illuminate/Database/Connection.php(778): Illuminate\\Database\\Connection->runQueryCallback('select * from `...', Array, Object(Closure))
#1 /var/www/html/practica/vendor/laravel/framework/src/Illuminate/Database/Connection.php(397): Illuminate\\Database\\Connection->run('select * from `...', Array, Object(Closure))
#2 /var/www/html/practica/vendor/laravel/framework/src/Illuminate/Database/Query/Builder.php(3188): Illuminate\\Database\\Connection->select('select * from `...', Array, false)
#3 /var/www/html/practica/vendor/laravel/framework/src/Illuminate/Database/Query/Builder.php(3173): Illuminate\\Database\\Query\\Builder->runSelect()
#4 /var/www/html/practica/vendor/laravel/framework/src/Illuminate/Database/Query/Builder.php(3763): Illuminate\\Database\\Query\\Builder->Illuminate\\Database\\Query\\{closure}()
#5 /var/www/html/practica/vendor/laravel/framework/src/Illuminate/Database/Query/Builder.php(3172): Illuminate\\Database\\Query\\Builder->onceWithColumns(Array, Object(Closure))
#6 /var/www/html/practica/vendor/laravel/framework/src/Illuminate/Database/Concerns/BuildsQueries.php(366): Illuminate\\Database\\Query\\Builder->get(Array)
#7 /var/www/html/practica/vendor/laravel/framework/src/Illuminate/Database/Query/Builder.php(3095): Illuminate\\Database\\Query\\Builder->first(Array)
#8 /var/www/html/practica/vendor/laravel/framework/src/Illuminate/Session/DatabaseSessionHandler.php(96): Illuminate\\Database\\Query\\Builder->find('5OyvVvdPCZrtHbG...')
#9 /var/www/html/practica/vendor/laravel/framework/src/Illuminate/Session/Store.php(117): Illuminate\\Session\\DatabaseSessionHandler->read('5OyvVvdPCZrtHbG...')
#10 /var/www/html/practica/vendor/laravel/framework/src/Illuminate/Session/Store.php(105): Illuminate\\Session\\Store->readFromHandler()
#11 /var/www/html/practica/vendor/laravel/framework/src/Illuminate/Session/Store.php(89): Illuminate\\Session\\Store->loadSession()
#12 /var/www/html/practica/vendor/laravel/framework/src/Illuminate/Session/Middleware/StartSession.php(146): Illuminate\\Session\\Store->start()
#13 /var/www/html/practica/vendor/laravel/framework/src/Illuminate/Support/helpers.php(390): Illuminate\\Session\\Middleware\\StartSession->Illuminate\\Session\\Middleware\\{closure}(Object(Illuminate\\Session\\Store))
#14 /var/www/html/practica/vendor/laravel/framework/src/Illuminate/Session/Middleware/StartSession.php(143): tap(Object(Illuminate\\Session\\Store), Object(Closure))
#15 /var/www/html/practica/vendor/laravel/framework/src/Illuminate/Session/Middleware/StartSession.php(115): Illuminate\\Session\\Middleware\\StartSession->startSession(Object(Illuminate\\Http\\Request), Object(Illuminate\\Session\\Store))
#16 /var/www/html/practica/vendor/laravel/framework/src/Illuminate/Session/Middleware/StartSession.php(63): Illuminate\\Session\\Middleware\\StartSession->handleStatefulRequest(Object(Illuminate\\Http\\Request), Object(Illuminate\\Session\\Store), Object(Closure))
#17 /var/www/html/practica/vendor/laravel/framework/src/Illuminate/Pipeline/Pipeline.php(219): Illuminate\\Session\\Middleware\\StartSession->handle(Object(Illuminate\\Http\\Request), Object(Closure))
#18 /var/www/html/practica/vendor/laravel/framework/src/Illuminate/Cookie/Middleware/AddQueuedCookiesToResponse.php(36): Illuminate\\Pipeline\\Pipeline->Illuminate\\Pipeline\\{closure}(Object(Illuminate\\Http\\Request))
#19 /var/www/html/practica/vendor/laravel/framework/src/Illuminate/Pipeline/Pipeline.php(219): Illuminate\\Cookie\\Middleware\\AddQueuedCookiesToResponse->handle(Object(Illuminate\\Http\\Request), Object(Closure))
#20 /var/www/html/practica/vendor/laravel/framework/src/Illuminate/Cookie/Middleware/EncryptCookies.php(74): Illuminate\\Pipeline\\Pipeline->Illuminate\\Pipeline\\{closure}(Object(Illuminate\\Http\\Request))
#21 /var/www/html/practica/vendor/laravel/framework/src/Illuminate/Pipeline/Pipeline.php(219): Illuminate\\Cookie\\Middleware\\EncryptCookies->handle(Object(Illuminate\\Http\\Request), Object(Closure))
#22 /var/www/html/practica/vendor/laravel/framework/src/Illuminate/Pipeline/Pipeline.php(137): Illuminate\\Pipeline\\Pipeline->Illuminate\\Pipeline\\{closure}(Object(Illuminate\\Http\\Request))
#23 /var/www/html/practica/vendor/laravel/framework/src/Illuminate/Routing/Router.php(821): Illuminate\\Pipeline\\Pipeline->then(Object(Closure))
#24 /var/www/html/practica/vendor/laravel/framework/src/Illuminate/Routing/Router.php(800): Illuminate\\Routing\\Router->runRouteWithinStack(Object(Illuminate\\Routing\\Route), Object(Illuminate\\Http\\Request))
#25 /var/www/html/practica/vendor/laravel/framework/src/Illuminate/Routing/Router.php(764): Illuminate\\Routing\\Router->runRoute(Object(Illuminate\\Http\\Request), Object(Illuminate\\Routing\\Route))
#26 /var/www/html/practica/vendor/laravel/framework/src/Illuminate/Routing/Router.php(753): Illuminate\\Routing\\Router->dispatchToRoute(Object(Illuminate\\Http\\Request))
#27 /var/www/html/practica/vendor/laravel/framework/src/Illuminate/Foundation/Http/Kernel.php(200): Illuminate\\Routing\\Router->dispatch(Object(Illuminate\\Http\\Request))
#28 /var/www/html/practica/vendor/laravel/framework/src/Illuminate/Pipeline/Pipeline.php(180): Illuminate\\Foundation\\Http\\Kernel->Illuminate\\Foundation\\Http\\{closure}(Object(Illuminate\\Http\\Request))
#29 /var/www/html/practica/vendor/laravel/framework/src/Illuminate/Foundation/Http/Middleware/TransformsRequest.php(21): Illuminate\\Pipeline\\Pipeline->Illuminate\\Pipeline\\{closure}(Object(Illuminate\\Http\\Request))
#30 /var/www/html/practica/vendor/laravel/framework/src/Illuminate/Foundation/Http/Middleware/ConvertEmptyStringsToNull.php(31): Illuminate\\Foundation\\Http\\Middleware\\TransformsRequest->handle(Object(Illuminate\\Http\\Request), Object(Closure))
#31 /var/www/html/practica/vendor/laravel/framework/src/Illuminate/Pipeline/Pipeline.php(219): Illuminate\\Foundation\\Http\\Middleware\\ConvertEmptyStringsToNull->handle(Object(Illuminate\\Http\\Request), Object(Closure))
#32 /var/www/html/practica/vendor/laravel/framework/src/Illuminate/Foundation/Http/Middleware/TransformsRequest.php(21): Illuminate\\Pipeline\\Pipeline->Illuminate\\Pipeline\\{closure}(Object(Illuminate\\Http\\Request))
#33 /var/www/html/practica/vendor/laravel/framework/src/Illuminate/Foundation/Http/Middleware/TrimStrings.php(51): Illuminate\\Foundation\\Http\\Middleware\\TransformsRequest->handle(Object(Illuminate\\Http\\Request), Object(Closure))
#34 /var/www/html/practica/vendor/laravel/framework/src/Illuminate/Pipeline/Pipeline.php(219): Illuminate\\Foundation\\Http\\Middleware\\TrimStrings->handle(Object(Illuminate\\Http\\Request), Object(Closure))
#35 /var/www/html/practica/vendor/laravel/framework/src/Illuminate/Http/Middleware/ValidatePostSize.php(27): Illuminate\\Pipeline\\Pipeline->Illuminate\\Pipeline\\{closure}(Object(Illuminate\\Http\\Request))
#36 /var/www/html/practica/vendor/laravel/framework/src/Illuminate/Pipeline/Pipeline.php(219): Illuminate\\Http\\Middleware\\ValidatePostSize->handle(Object(Illuminate\\Http\\Request), Object(Closure))
#37 /var/www/html/practica/vendor/laravel/framework/src/Illuminate/Foundation/Http/Middleware/PreventRequestsDuringMaintenance.php(109): Illuminate\\Pipeline\\Pipeline->Illuminate\\Pipeline\\{closure}(Object(Illuminate\\Http\\Request))
#38 /var/www/html/practica/vendor/laravel/framework/src/Illuminate/Pipeline/Pipeline.php(219): Illuminate\\Foundation\\Http\\Middleware\\PreventRequestsDuringMaintenance->handle(Object(Illuminate\\Http\\Request), Object(Closure))
#39 /var/www/html/practica/vendor/laravel/framework/src/Illuminate/Http/Middleware/HandleCors.php(48): Illuminate\\Pipeline\\Pipeline->Illuminate\\Pipeline\\{closure}(Object(Illuminate\\Http\\Request))
#40 /var/www/html/practica/vendor/laravel/framework/src/Illuminate/Pipeline/Pipeline.php(219): Illuminate\\Http\\Middleware\\HandleCors->handle(Object(Illuminate\\Http\\Request), Object(Closure))
#41 /var/www/html/practica/vendor/laravel/framework/src/Illuminate/Http/Middleware/TrustProxies.php(58): Illuminate\\Pipeline\\Pipeline->Illuminate\\Pipeline\\{closure}(Object(Illuminate\\Http\\Request))
#42 /var/www/html/practica/vendor/laravel/framework/src/Illuminate/Pipeline/Pipeline.php(219): Illuminate\\Http\\Middleware\\TrustProxies->handle(Object(Illuminate\\Http\\Request), Object(Closure))
#43 /var/www/html/practica/vendor/laravel/framework/src/Illuminate/Foundation/Http/Middleware/InvokeDeferredCallbacks.php(22): Illuminate\\Pipeline\\Pipeline->Illuminate\\Pipeline\\{closure}(Object(Illuminate\\Http\\Request))
#44 /var/www/html/practica/vendor/laravel/framework/src/Illuminate/Pipeline/Pipeline.php(219): Illuminate\\Foundation\\Http\\Middleware\\InvokeDeferredCallbacks->handle(Object(Illuminate\\Http\\Request), Object(Closure))
#45 /var/www/html/practica/vendor/laravel/framework/src/Illuminate/Http/Middleware/ValidatePathEncoding.php(26): Illuminate\\Pipeline\\Pipeline->Illuminate\\Pipeline\\{closure}(Object(Illuminate\\Http\\Request))
#46 /var/www/html/practica/vendor/laravel/framework/src/Illuminate/Pipeline/Pipeline.php(219): Illuminate\\Http\\Middleware\\ValidatePathEncoding->handle(Object(Illuminate\\Http\\Request), Object(Closure))
#47 /var/www/html/practica/vendor/laravel/framework/src/Illuminate/Pipeline/Pipeline.php(137): Illuminate\\Pipeline\\Pipeline->Illuminate\\Pipeline\\{closure}(Object(Illuminate\\Http\\Request))
#48 /var/www/html/practica/vendor/laravel/framework/src/Illuminate/Foundation/Http/Kernel.php(175): Illuminate\\Pipeline\\Pipeline->then(Object(Closure))
#49 /var/www/html/practica/vendor/laravel/framework/src/Illuminate/Foundation/Http/Kernel.php(144): Illuminate\\Foundation\\Http\\Kernel->sendRequestThroughRouter(Object(Illuminate\\Http\\Request))
#50 /var/www/html/practica/vendor/laravel/framework/src/Illuminate/Foundation/Application.php(1220): Illuminate\\Foundation\\Http\\Kernel->handle(Object(Illuminate\\Http\\Request))
#51 /var/www/html/practica/public/index.php(20): Illuminate\\Foundation\\Application->handleRequest(Object(Illuminate\\Http\\Request))
#52 {main}

[previous exception] [object] (PDOException(code: 42S02): SQLSTATE[42S02]: Base table or view not found: 1146 Table 'appdb.sessions' doesn't exist at /var/www/html/practica/vendor/laravel/framework/src/Illuminate/Database/Connection.php:406)
[stacktrace]
#0 /var/www/html/practica/vendor/laravel/framework/src/Illuminate/Database/Connection.php(406): PDO->prepare('select * from `...')
#1 /var/www/html/practica/vendor/laravel/framework/src/Illuminate/Database/Connection.php(811): Illuminate\\Database\\Connection->Illuminate\\Database\\{closure}('select * from `...', Array)
#2 /var/www/html/practica/vendor/laravel/framework/src/Illuminate/Database/Connection.php(778): Illuminate\\Database\\Connection->runQueryCallback('select * from `...', Array, Object(Closure))
#3 /var/www/html/practica/vendor/laravel/framework/src/Illuminate/Database/Connection.php(397): Illuminate\\Database\\Connection->run('select * from `...', Array, Object(Closure))
#4 /var/www/html/practica/vendor/laravel/framework/src/Illuminate/Database/Query/Builder.php(3188): Illuminate\\Database\\Connection->select('select * from `...', Array, false)
#5 /var/www/html/practica/vendor/laravel/framework/src/Illuminate/Database/Query/Builder.php(3173): Illuminate\\Database\\Query\\Builder->runSelect()
#6 /var/www/html/practica/vendor/laravel/framework/src/Illuminate/Database/Query/Builder.php(3763): Illuminate\\Database\\Query\\Builder->Illuminate\\Database\\Query\\{closure}()
#7 /var/www/html/practica/vendor/laravel/framework/src/Illuminate/Database/Query/Builder.php(3172): Illuminate\\Database\\Query\\Builder->onceWithColumns(Array, Object(Closure))
#8 /var/www/html/practica/vendor/laravel/framework/src/Illuminate/Database/Concerns/BuildsQueries.php(366): Illuminate\\Database\\Query\\Builder->get(Array)
#9 /var/www/html/practica/vendor/laravel/framework/src/Illuminate/Database/Query/Builder.php(3095): Illuminate\\Database\\Query\\Builder->first(Array)
#10 /var/www/html/practica/vendor/laravel/framework/src/Illuminate/Session/DatabaseSessionHandler.php(96): Illuminate\\Database\\Query\\Builder->find('5OyvVvdPCZrtHbG...')
#11 /var/www/html/practica/vendor/laravel/framework/src/Illuminate/Session/Store.php(117): Illuminate\\Session\\DatabaseSessionHandler->read('5OyvVvdPCZrtHbG...')
#12 /var/www/html/practica/vendor/laravel/framework/src/Illuminate/Session/Store.php(105): Illuminate\\Session\\Store->readFromHandler()
#13 /var/www/html/practica/vendor/laravel/framework/src/Illuminate/Session/Store.php(89): Illuminate\\Session\\Store->loadSession()
#14 /var/www/html/practica/vendor/laravel/framework/src/Illuminate/Session/Middleware/StartSession.php(146): Illuminate\\Session\\Store->start()
#15 /var/www/html/practica/vendor/laravel/framework/src/Illuminate/Support/helpers.php(390): Illuminate\\Session\\Middleware\\StartSession->Illuminate\\Session\\Middleware\\{closure}(Object(Illuminate\\Session\\Store))
#16 /var/www/html/practica/vendor/laravel/framework/src/Illuminate/Session/Middleware/StartSession.php(143): tap(Object(Illuminate\\Session\\Store), Object(Closure))
#17 /var/www/html/practica/vendor/laravel/framework/src/Illuminate/Session/Middleware/StartSession.php(115): Illuminate\\Session\\Middleware\\StartSession->startSession(Object(Illuminate\\Http\\Request), Object(Illuminate\\Session\\Store))
#18 /var/www/html/practica/vendor/laravel/framework/src/Illuminate/Session/Middleware/StartSession.php(63): Illuminate\\Session\\Middleware\\StartSession->handleStatefulRequest(Object(Illuminate\\Http\\Request), Object(Illuminate\\Session\\Store), Object(Closure))
#19 /var/www/html/practica/vendor/laravel/framework/src/Illuminate/Pipeline/Pipeline.php(219): Illuminate\\Session\\Middleware\\StartSession->handle(Object(Illuminate\\Http\\Request), Object(Closure))
#20 /var/www/html/practica/vendor/laravel/framework/src/Illuminate/Cookie/Middleware/AddQueuedCookiesToResponse.php(36): Illuminate\\Pipeline\\Pipeline->Illuminate\\Pipeline\\{closure}(Object(Illuminate\\Http\\Request))
#21 /var/www/html/practica/vendor/laravel/framework/src/Illuminate/Pipeline/Pipeline.php(219): Illuminate\\Cookie\\Middleware\\AddQueuedCookiesToResponse->handle(Object(Illuminate\\Http\\Request), Object(Closure))
#22 /var/www/html/practica/vendor/laravel/framework/src/Illuminate/Cookie/Middleware/EncryptCookies.php(74): Illuminate\\Pipeline\\Pipeline->Illuminate\\Pipeline\\{closure}(Object(Illuminate\\Http\\Request))
#23 /var/www/html/practica/vendor/laravel/framework/src/Illuminate/Pipeline/Pipeline.php(219): Illuminate\\Cookie\\Middleware\\EncryptCookies->handle(Object(Illuminate\\Http\\Request), Object(Closure))
#24 /var/www/html/practica/vendor/laravel/framework/src/Illuminate/Pipeline/Pipeline.php(137): Illuminate\\Pipeline\\Pipeline->Illuminate\\Pipeline\\{closure}(Object(Illuminate\\Http\\Request))
#25 /var/www/html/practica/vendor/laravel/framework/src/Illuminate/Routing/Router.php(821): Illuminate\\Pipeline\\Pipeline->then(Object(Closure))
#26 /var/www/html/practica/vendor/laravel/framework/src/Illuminate/Routing/Router.php(800): Illuminate\\Routing\\Router->runRouteWithinStack(Object(Illuminate\\Routing\\Route), Object(Illuminate\\Http\\Request))
#27 /var/www/html/practica/vendor/laravel/framework/src/Illuminate/Routing/Router.php(764): Illuminate\\Routing\\Router->runRoute(Object(Illuminate\\Http\\Request), Object(Illuminate\\Routing\\Route))
#28 /var/www/html/practica/vendor/laravel/framework/src/Illuminate/Routing/Router.php(753): Illuminate\\Routing\\Router->dispatchToRoute(Object(Illuminate\\Http\\Request))
#29 /var/www/html/practica/vendor/laravel/framework/src/Illuminate/Foundation/Http/Kernel.php(200): Illuminate\\Routing\\Router->dispatch(Object(Illuminate\\Http\\Request))
#30 /var/www/html/practica/vendor/laravel/framework/src/Illuminate/Pipeline/Pipeline.php(180): Illuminate\\Foundation\\Http\\Kernel->Illuminate\\Foundation\\Http\\{closure}(Object(Illuminate\\Http\\Request))
#31 /var/www/html/practica/vendor/laravel/framework/src/Illuminate/Foundation/Http/Middleware/TransformsRequest.php(21): Illuminate\\Pipeline\\Pipeline->Illuminate\\Pipeline\\{closure}(Object(Illuminate\\Http\\Request))
#32 /var/www/html/practica/vendor/laravel/framework/src/Illuminate/Foundation/Http/Middleware/ConvertEmptyStringsToNull.php(31): Illuminate\\Foundation\\Http\\Middleware\\TransformsRequest->handle(Object(Illuminate\\Http\\Request), Object(Closure))
#33 /var/www/html/practica/vendor/laravel/framework/src/Illuminate/Pipeline/Pipeline.php(219): Illuminate\\Foundation\\Http\\Middleware\\ConvertEmptyStringsToNull->handle(Object(Illuminate\\Http\\Request), Object(Closure))
#34 /var/www/html/practica/vendor/laravel/framework/src/Illuminate/Foundation/Http/Middleware/TransformsRequest.php(21): Illuminate\\Pipeline\\Pipeline->Illuminate\\Pipeline\\{closure}(Object(Illuminate\\Http\\Request))
#35 /var/www/html/practica/vendor/laravel/framework/src/Illuminate/Foundation/Http/Middleware/TrimStrings.php(51): Illuminate\\Foundation\\Http\\Middleware\\TransformsRequest->handle(Object(Illuminate\\Http\\Request), Object(Closure))
#36 /var/www/html/practica/vendor/laravel/framework/src/Illuminate/Pipeline/Pipeline.php(219): Illuminate\\Foundation\\Http\\Middleware\\TrimStrings->handle(Object(Illuminate\\Http\\Request), Object(Closure))
#37 /var/www/html/practica/vendor/laravel/framework/src/Illuminate/Http/Middleware/ValidatePostSize.php(27): Illuminate\\Pipeline\\Pipeline->Illuminate\\Pipeline\\{closure}(Object(Illuminate\\Http\\Request))
#38 /var/www/html/practica/vendor/laravel/framework/src/Illuminate/Pipeline/Pipeline.php(219): Illuminate\\Http\\Middleware\\ValidatePostSize->handle(Object(Illuminate\\Http\\Request), Object(Closure))
#39 /var/www/html/practica/vendor/laravel/framework/src/Illuminate/Foundation/Http/Middleware/PreventRequestsDuringMaintenance.php(109): Illuminate\\Pipeline\\Pipeline->Illuminate\\Pipeline\\{closure}(Object(Illuminate\\Http\\Request))
#40 /var/www/html/practica/vendor/laravel/framework/src/Illuminate/Pipeline/Pipeline.php(219): Illuminate\\Foundation\\Http\\Middleware\\PreventRequestsDuringMaintenance->handle(Object(Illuminate\\Http\\Request), Object(Closure))
#41 /var/www/html/practica/vendor/laravel/framework/src/Illuminate/Http/Middleware/HandleCors.php(48): Illuminate\\Pipeline\\Pipeline->Illuminate\\Pipeline\\{closure}(Object(Illuminate\\Http\\Request))
#42 /var/www/html/practica/vendor/laravel/framework/src/Illuminate/Pipeline/Pipeline.php(219): Illuminate\\Http\\Middleware\\HandleCors->handle(Object(Illuminate\\Http\\Request), Object(Closure))
#43 /var/www/html/practica/vendor/laravel/framework/src/Illuminate/Http/Middleware/TrustProxies.php(58): Illuminate\\Pipeline\\Pipeline->Illuminate\\Pipeline\\{closure}(Object(Illuminate\\Http\\Request))
#44 /var/www/html/practica/vendor/laravel/framework/src/Illuminate/Pipeline/Pipeline.php(219): Illuminate\\Http\\Middleware\\TrustProxies->handle(Object(Illuminate\\Http\\Request), Object(Closure))
#45 /var/www/html/practica/vendor/laravel/framework/src/Illuminate/Foundation/Http/Middleware/InvokeDeferredCallbacks.php(22): Illuminate\\Pipeline\\Pipeline->Illuminate\\Pipeline\\{closure}(Object(Illuminate\\Http\\Request))
#46 /var/www/html/practica/vendor/laravel/framework/src/Illuminate/Pipeline/Pipeline.php(219): Illuminate\\Foundation\\Http\\Middleware\\InvokeDeferredCallbacks->handle(Object(Illuminate\\Http\\Request), Object(Closure))
#47 /var/www/html/practica/vendor/laravel/framework/src/Illuminate/Http/Middleware/ValidatePathEncoding.php(26): Illuminate\\Pipeline\\Pipeline->Illuminate\\Pipeline\\{closure}(Object(Illuminate\\Http\\Request))
#48 /var/www/html/practica/vendor/laravel/framework/src/Illuminate/Pipeline/Pipeline.php(219): Illuminate\\Http\\Middleware\\ValidatePathEncoding->handle(Object(Illuminate\\Http\\Request), Object(Closure))
#49 /var/www/html/practica/vendor/laravel/framework/src/Illuminate/Pipeline/Pipeline.php(137): Illuminate\\Pipeline\\Pipeline->Illuminate\\Pipeline\\{closure}(Object(Illuminate\\Http\\Request))
#50 /var/www/html/practica/vendor/laravel/framework/src/Illuminate/Foundation/Http/Kernel.php(175): Illuminate\\Pipeline\\Pipeline->then(Object(Closure))
#51 /var/www/html/practica/vendor/laravel/framework/src/Illuminate/Foundation/Http/Kernel.php(144): Illuminate\\Foundation\\Http\\Kernel->sendRequestThroughRouter(Object(Illuminate\\Http\\Request))
#52 /var/www/html/practica/vendor/laravel/framework/src/Illuminate/Foundation/Application.php(1220): Illuminate\\Foundation\\Http\\Kernel->handle(Object(Illuminate\\Http\\Request))
#53 /var/www/html/practica/public/index.php(20): Illuminate\\Foundation\\Application->handleRequest(Object(Illuminate\\Http\\Request))
#54 {main}
"} 
[2025-10-30 03:18:04] local.ERROR: SQLSTATE[42S02]: Base table or view not found: 1146 Table 'appdb.sessions' doesn't exist (Connection: mysql, SQL: select * from `sessions` where `id` = 5OyvVvdPCZrtHbGrshADN646Vm7IZfGC5cT0P2BN limit 1) {"exception":"[object] (Illuminate\\Database\\QueryException(code: 42S02): SQLSTATE[42S02]: Base table or view not found: 1146 Table 'appdb.sessions' doesn't exist (Connection: mysql, SQL: select * from `sessions` where `id` = 5OyvVvdPCZrtHbGrshADN646Vm7IZfGC5cT0P2BN limit 1) at /var/www/html/practica/vendor/laravel/framework/src/Illuminate/Database/Connection.php:824)
[stacktrace]
#0 /var/www/html/practica/vendor/laravel/framework/src/Illuminate/Database/Connection.php(778): Illuminate\\Database\\Connection->runQueryCallback('select * from `...', Array, Object(Closure))
#1 /var/www/html/practica/vendor/laravel/framework/src/Illuminate/Database/Connection.php(397): Illuminate\\Database\\Connection->run('select * from `...', Array, Object(Closure))
#2 /var/www/html/practica/vendor/laravel/framework/src/Illuminate/Database/Query/Builder.php(3188): Illuminate\\Database\\Connection->select('select * from `...', Array, false)
#3 /var/www/html/practica/vendor/laravel/framework/src/Illuminate/Database/Query/Builder.php(3173): Illuminate\\Database\\Query\\Builder->runSelect()
#4 /var/www/html/practica/vendor/laravel/framework/src/Illuminate/Database/Query/Builder.php(3763): Illuminate\\Database\\Query\\Builder->Illuminate\\Database\\Query\\{closure}()
#5 /var/www/html/practica/vendor/laravel/framework/src/Illuminate/Database/Query/Builder.php(3172): Illuminate\\Database\\Query\\Builder->onceWithColumns(Array, Object(Closure))
#6 /var/www/html/practica/vendor/laravel/framework/src/Illuminate/Database/Concerns/BuildsQueries.php(366): Illuminate\\Database\\Query\\Builder->get(Array)
#7 /var/www/html/practica/vendor/laravel/framework/src/Illuminate/Database/Query/Builder.php(3095): Illuminate\\Database\\Query\\Builder->first(Array)
#8 /var/www/html/practica/vendor/laravel/framework/src/Illuminate/Session/DatabaseSessionHandler.php(96): Illuminate\\Database\\Query\\Builder->find('5OyvVvdPCZrtHbG...')
#9 /var/www/html/practica/vendor/laravel/framework/src/Illuminate/Session/Store.php(117): Illuminate\\Session\\DatabaseSessionHandler->read('5OyvVvdPCZrtHbG...')
#10 /var/www/html/practica/vendor/laravel/framework/src/Illuminate/Session/Store.php(105): Illuminate\\Session\\Store->readFromHandler()
#11 /var/www/html/practica/vendor/laravel/framework/src/Illuminate/Session/Store.php(89): Illuminate\\Session\\Store->loadSession()
#12 /var/www/html/practica/vendor/laravel/framework/src/Illuminate/Session/Middleware/StartSession.php(146): Illuminate\\Session\\Store->start()
#13 /var/www/html/practica/vendor/laravel/framework/src/Illuminate/Support/helpers.php(390): Illuminate\\Session\\Middleware\\StartSession->Illuminate\\Session\\Middleware\\{closure}(Object(Illuminate\\Session\\Store))
#14 /var/www/html/practica/vendor/laravel/framework/src/Illuminate/Session/Middleware/StartSession.php(143): tap(Object(Illuminate\\Session\\Store), Object(Closure))
#15 /var/www/html/practica/vendor/laravel/framework/src/Illuminate/Session/Middleware/StartSession.php(115): Illuminate\\Session\\Middleware\\StartSession->startSession(Object(Illuminate\\Http\\Request), Object(Illuminate\\Session\\Store))
#16 /var/www/html/practica/vendor/laravel/framework/src/Illuminate/Session/Middleware/StartSession.php(63): Illuminate\\Session\\Middleware\\StartSession->handleStatefulRequest(Object(Illuminate\\Http\\Request), Object(Illuminate\\Session\\Store), Object(Closure))
#17 /var/www/html/practica/vendor/laravel/framework/src/Illuminate/Pipeline/Pipeline.php(219): Illuminate\\Session\\Middleware\\StartSession->handle(Object(Illuminate\\Http\\Request), Object(Closure))
#18 /var/www/html/practica/vendor/laravel/framework/src/Illuminate/Cookie/Middleware/AddQueuedCookiesToResponse.php(36): Illuminate\\Pipeline\\Pipeline->Illuminate\\Pipeline\\{closure}(Object(Illuminate\\Http\\Request))
#19 /var/www/html/practica/vendor/laravel/framework/src/Illuminate/Pipeline/Pipeline.php(219): Illuminate\\Cookie\\Middleware\\AddQueuedCookiesToResponse->handle(Object(Illuminate\\Http\\Request), Object(Closure))
#20 /var/www/html/practica/vendor/laravel/framework/src/Illuminate/Cookie/Middleware/EncryptCookies.php(74): Illuminate\\Pipeline\\Pipeline->Illuminate\\Pipeline\\{closure}(Object(Illuminate\\Http\\Request))
#21 /var/www/html/practica/vendor/laravel/framework/src/Illuminate/Pipeline/Pipeline.php(219): Illuminate\\Cookie\\Middleware\\EncryptCookies->handle(Object(Illuminate\\Http\\Request), Object(Closure))
#22 /var/www/html/practica/vendor/laravel/framework/src/Illuminate/Pipeline/Pipeline.php(137): Illuminate\\Pipeline\\Pipeline->Illuminate\\Pipeline\\{closure}(Object(Illuminate\\Http\\Request))
#23 /var/www/html/practica/vendor/laravel/framework/src/Illuminate/Routing/Router.php(821): Illuminate\\Pipeline\\Pipeline->then(Object(Closure))
#24 /var/www/html/practica/vendor/laravel/framework/src/Illuminate/Routing/Router.php(800): Illuminate\\Routing\\Router->runRouteWithinStack(Object(Illuminate\\Routing\\Route), Object(Illuminate\\Http\\Request))
#25 /var/www/html/practica/vendor/laravel/framework/src/Illuminate/Routing/Router.php(764): Illuminate\\Routing\\Router->runRoute(Object(Illuminate\\Http\\Request), Object(Illuminate\\Routing\\Route))
#26 /var/www/html/practica/vendor/laravel/framework/src/Illuminate/Routing/Router.php(753): Illuminate\\Routing\\Router->dispatchToRoute(Object(Illuminate\\Http\\Request))
#27 /var/www/html/practica/vendor/laravel/framework/src/Illuminate/Foundation/Http/Kernel.php(200): Illuminate\\Routing\\Router->dispatch(Object(Illuminate\\Http\\Request))
#28 /var/www/html/practica/vendor/laravel/framework/src/Illuminate/Pipeline/Pipeline.php(180): Illuminate\\Foundation\\Http\\Kernel->Illuminate\\Foundation\\Http\\{closure}(Object(Illuminate\\Http\\Request))
#29 /var/www/html/practica/vendor/laravel/framework/src/Illuminate/Foundation/Http/Middleware/TransformsRequest.php(21): Illuminate\\Pipeline\\Pipeline->Illuminate\\Pipeline\\{closure}(Object(Illuminate\\Http\\Request))
#30 /var/www/html/practica/vendor/laravel/framework/src/Illuminate/Foundation/Http/Middleware/ConvertEmptyStringsToNull.php(31): Illuminate\\Foundation\\Http\\Middleware\\TransformsRequest->handle(Object(Illuminate\\Http\\Request), Object(Closure))
#31 /var/www/html/practica/vendor/laravel/framework/src/Illuminate/Pipeline/Pipeline.php(219): Illuminate\\Foundation\\Http\\Middleware\\ConvertEmptyStringsToNull->handle(Object(Illuminate\\Http\\Request), Object(Closure))
#32 /var/www/html/practica/vendor/laravel/framework/src/Illuminate/Foundation/Http/Middleware/TransformsRequest.php(21): Illuminate\\Pipeline\\Pipeline->Illuminate\\Pipeline\\{closure}(Object(Illuminate\\Http\\Request))
#33 /var/www/html/practica/vendor/laravel/framework/src/Illuminate/Foundation/Http/Middleware/TrimStrings.php(51): Illuminate\\Foundation\\Http\\Middleware\\TransformsRequest->handle(Object(Illuminate\\Http\\Request), Object(Closure))
#34 /var/www/html/practica/vendor/laravel/framework/src/Illuminate/Pipeline/Pipeline.php(219): Illuminate\\Foundation\\Http\\Middleware\\TrimStrings->handle(Object(Illuminate\\Http\\Request), Object(Closure))
#35 /var/www/html/practica/vendor/laravel/framework/src/Illuminate/Http/Middleware/ValidatePostSize.php(27): Illuminate\\Pipeline\\Pipeline->Illuminate\\Pipeline\\{closure}(Object(Illuminate\\Http\\Request))
#36 /var/www/html/practica/vendor/laravel/framework/src/Illuminate/Pipeline/Pipeline.php(219): Illuminate\\Http\\Middleware\\ValidatePostSize->handle(Object(Illuminate\\Http\\Request), Object(Closure))
#37 /var/www/html/practica/vendor/laravel/framework/src/Illuminate/Foundation/Http/Middleware/PreventRequestsDuringMaintenance.php(109): Illuminate\\Pipeline\\Pipeline->Illuminate\\Pipeline\\{closure}(Object(Illuminate\\Http\\Request))
#38 /var/www/html/practica/vendor/laravel/framework/src/Illuminate/Pipeline/Pipeline.php(219): Illuminate\\Foundation\\Http\\Middleware\\PreventRequestsDuringMaintenance->handle(Object(Illuminate\\Http\\Request), Object(Closure))
#39 /var/www/html/practica/vendor/laravel/framework/src/Illuminate/Http/Middleware/HandleCors.php(48): Illuminate\\Pipeline\\Pipeline->Illuminate\\Pipeline\\{closure}(Object(Illuminate\\Http\\Request))
#40 /var/www/html/practica/vendor/laravel/framework/src/Illuminate/Pipeline/Pipeline.php(219): Illuminate\\Http\\Middleware\\HandleCors->handle(Object(Illuminate\\Http\\Request), Object(Closure))
#41 /var/www/html/practica/vendor/laravel/framework/src/Illuminate/Http/Middleware/TrustProxies.php(58): Illuminate\\Pipeline\\Pipeline->Illuminate\\Pipeline\\{closure}(Object(Illuminate\\Http\\Request))
#42 /var/www/html/practica/vendor/laravel/framework/src/Illuminate/Pipeline/Pipeline.php(219): Illuminate\\Http\\Middleware\\TrustProxies->handle(Object(Illuminate\\Http\\Request), Object(Closure))
#43 /var/www/html/practica/vendor/laravel/framework/src/Illuminate/Foundation/Http/Middleware/InvokeDeferredCallbacks.php(22): Illuminate\\Pipeline\\Pipeline->Illuminate\\Pipeline\\{closure}(Object(Illuminate\\Http\\Request))
#44 /var/www/html/practica/vendor/laravel/framework/src/Illuminate/Pipeline/Pipeline.php(219): Illuminate\\Foundation\\Http\\Middleware\\InvokeDeferredCallbacks->handle(Object(Illuminate\\Http\\Request), Object(Closure))
#45 /var/www/html/practica/vendor/laravel/framework/src/Illuminate/Http/Middleware/ValidatePathEncoding.php(26): Illuminate\\Pipeline\\Pipeline->Illuminate\\Pipeline\\{closure}(Object(Illuminate\\Http\\Request))
#46 /var/www/html/practica/vendor/laravel/framework/src/Illuminate/Pipeline/Pipeline.php(219): Illuminate\\Http\\Middleware\\ValidatePathEncoding->handle(Object(Illuminate\\Http\\Request), Object(Closure))
#47 /var/www/html/practica/vendor/laravel/framework/src/Illuminate/Pipeline/Pipeline.php(137): Illuminate\\Pipeline\\Pipeline->Illuminate\\Pipeline\\{closure}(Object(Illuminate\\Http\\Request))
#48 /var/www/html/practica/vendor/laravel/framework/src/Illuminate/Foundation/Http/Kernel.php(175): Illuminate\\Pipeline\\Pipeline->then(Object(Closure))
#49 /var/www/html/practica/vendor/laravel/framework/src/Illuminate/Foundation/Http/Kernel.php(144): Illuminate\\Foundation\\Http\\Kernel->sendRequestThroughRouter(Object(Illuminate\\Http\\Request))
#50 /var/www/html/practica/vendor/laravel/framework/src/Illuminate/Foundation/Application.php(1220): Illuminate\\Foundation\\Http\\Kernel->handle(Object(Illuminate\\Http\\Request))
#51 /var/www/html/practica/public/index.php(20): Illuminate\\Foundation\\Application->handleRequest(Object(Illuminate\\Http\\Request))
#52 {main}

[previous exception] [object] (PDOException(code: 42S02): SQLSTATE[42S02]: Base table or view not found: 1146 Table 'appdb.sessions' doesn't exist at /var/www/html/practica/vendor/laravel/framework/src/Illuminate/Database/Connection.php:406)
[stacktrace]
#0 /var/www/html/practica/vendor/laravel/framework/src/Illuminate/Database/Connection.php(406): PDO->prepare('select * from `...')
#1 /var/www/html/practica/vendor/laravel/framework/src/Illuminate/Database/Connection.php(811): Illuminate\\Database\\Connection->Illuminate\\Database\\{closure}('select * from `...', Array)
#2 /var/www/html/practica/vendor/laravel/framework/src/Illuminate/Database/Connection.php(778): Illuminate\\Database\\Connection->runQueryCallback('select * from `...', Array, Object(Closure))
#3 /var/www/html/practica/vendor/laravel/framework/src/Illuminate/Database/Connection.php(397): Illuminate\\Database\\Connection->run('select * from `...', Array, Object(Closure))
#4 /var/www/html/practica/vendor/laravel/framework/src/Illuminate/Database/Query/Builder.php(3188): Illuminate\\Database\\Connection->select('select * from `...', Array, false)
#5 /var/www/html/practica/vendor/laravel/framework/src/Illuminate/Database/Query/Builder.php(3173): Illuminate\\Database\\Query\\Builder->runSelect()
#6 /var/www/html/practica/vendor/laravel/framework/src/Illuminate/Database/Query/Builder.php(3763): Illuminate\\Database\\Query\\Builder->Illuminate\\Database\\Query\\{closure}()
#7 /var/www/html/practica/vendor/laravel/framework/src/Illuminate/Database/Query/Builder.php(3172): Illuminate\\Database\\Query\\Builder->onceWithColumns(Array, Object(Closure))
#8 /var/www/html/practica/vendor/laravel/framework/src/Illuminate/Database/Concerns/BuildsQueries.php(366): Illuminate\\Database\\Query\\Builder->get(Array)
#9 /var/www/html/practica/vendor/laravel/framework/src/Illuminate/Database/Query/Builder.php(3095): Illuminate\\Database\\Query\\Builder->first(Array)
#10 /var/www/html/practica/vendor/laravel/framework/src/Illuminate/Session/DatabaseSessionHandler.php(96): Illuminate\\Database\\Query\\Builder->find('5OyvVvdPCZrtHbG...')
#11 /var/www/html/practica/vendor/laravel/framework/src/Illuminate/Session/Store.php(117): Illuminate\\Session\\DatabaseSessionHandler->read('5OyvVvdPCZrtHbG...')
#12 /var/www/html/practica/vendor/laravel/framework/src/Illuminate/Session/Store.php(105): Illuminate\\Session\\Store->readFromHandler()
#13 /var/www/html/practica/vendor/laravel/framework/src/Illuminate/Session/Store.php(89): Illuminate\\Session\\Store->loadSession()
#14 /var/www/html/practica/vendor/laravel/framework/src/Illuminate/Session/Middleware/StartSession.php(146): Illuminate\\Session\\Store->start()
#15 /var/www/html/practica/vendor/laravel/framework/src/Illuminate/Support/helpers.php(390): Illuminate\\Session\\Middleware\\StartSession->Illuminate\\Session\\Middleware\\{closure}(Object(Illuminate\\Session\\Store))
#16 /var/www/html/practica/vendor/laravel/framework/src/Illuminate/Session/Middleware/StartSession.php(143): tap(Object(Illuminate\\Session\\Store), Object(Closure))
#17 /var/www/html/practica/vendor/laravel/framework/src/Illuminate/Session/Middleware/StartSession.php(115): Illuminate\\Session\\Middleware\\StartSession->startSession(Object(Illuminate\\Http\\Request), Object(Illuminate\\Session\\Store))
#18 /var/www/html/practica/vendor/laravel/framework/src/Illuminate/Session/Middleware/StartSession.php(63): Illuminate\\Session\\Middleware\\StartSession->handleStatefulRequest(Object(Illuminate\\Http\\Request), Object(Illuminate\\Session\\Store), Object(Closure))
#19 /var/www/html/practica/vendor/laravel/framework/src/Illuminate/Pipeline/Pipeline.php(219): Illuminate\\Session\\Middleware\\StartSession->handle(Object(Illuminate\\Http\\Request), Object(Closure))
#20 /var/www/html/practica/vendor/laravel/framework/src/Illuminate/Cookie/Middleware/AddQueuedCookiesToResponse.php(36): Illuminate\\Pipeline\\Pipeline->Illuminate\\Pipeline\\{closure}(Object(Illuminate\\Http\\Request))
#21 /var/www/html/practica/vendor/laravel/framework/src/Illuminate/Pipeline/Pipeline.php(219): Illuminate\\Cookie\\Middleware\\AddQueuedCookiesToResponse->handle(Object(Illuminate\\Http\\Request), Object(Closure))
#22 /var/www/html/practica/vendor/laravel/framework/src/Illuminate/Cookie/Middleware/EncryptCookies.php(74): Illuminate\\Pipeline\\Pipeline->Illuminate\\Pipeline\\{closure}(Object(Illuminate\\Http\\Request))
#23 /var/www/html/practica/vendor/laravel/framework/src/Illuminate/Pipeline/Pipeline.php(219): Illuminate\\Cookie\\Middleware\\EncryptCookies->handle(Object(Illuminate\\Http\\Request), Object(Closure))
#24 /var/www/html/practica/vendor/laravel/framework/src/Illuminate/Pipeline/Pipeline.php(137): Illuminate\\Pipeline\\Pipeline->Illuminate\\Pipeline\\{closure}(Object(Illuminate\\Http\\Request))
#25 /var/www/html/practica/vendor/laravel/framework/src/Illuminate/Routing/Router.php(821): Illuminate\\Pipeline\\Pipeline->then(Object(Closure))
#26 /var/www/html/practica/vendor/laravel/framework/src/Illuminate/Routing/Router.php(800): Illuminate\\Routing\\Router->runRouteWithinStack(Object(Illuminate\\Routing\\Route), Object(Illuminate\\Http\\Request))
#27 /var/www/html/practica/vendor/laravel/framework/src/Illuminate/Routing/Router.php(764): Illuminate\\Routing\\Router->runRoute(Object(Illuminate\\Http\\Request), Object(Illuminate\\Routing\\Route))
#28 /var/www/html/practica/vendor/laravel/framework/src/Illuminate/Routing/Router.php(753): Illuminate\\Routing\\Router->dispatchToRoute(Object(Illuminate\\Http\\Request))
#29 /var/www/html/practica/vendor/laravel/framework/src/Illuminate/Foundation/Http/Kernel.php(200): Illuminate\\Routing\\Router->dispatch(Object(Illuminate\\Http\\Request))
#30 /var/www/html/practica/vendor/laravel/framework/src/Illuminate/Pipeline/Pipeline.php(180): Illuminate\\Foundation\\Http\\Kernel->Illuminate\\Foundation\\Http\\{closure}(Object(Illuminate\\Http\\Request))
#31 /var/www/html/practica/vendor/laravel/framework/src/Illuminate/Foundation/Http/Middleware/TransformsRequest.php(21): Illuminate\\Pipeline\\Pipeline->Illuminate\\Pipeline\\{closure}(Object(Illuminate\\Http\\Request))
#32 /var/www/html/practica/vendor/laravel/framework/src/Illuminate/Foundation/Http/Middleware/ConvertEmptyStringsToNull.php(31): Illuminate\\Foundation\\Http\\Middleware\\TransformsRequest->handle(Object(Illuminate\\Http\\Request), Object(Closure))
#33 /var/www/html/practica/vendor/laravel/framework/src/Illuminate/Pipeline/Pipeline.php(219): Illuminate\\Foundation\\Http\\Middleware\\ConvertEmptyStringsToNull->handle(Object(Illuminate\\Http\\Request), Object(Closure))
#34 /var/www/html/practica/vendor/laravel/framework/src/Illuminate/Foundation/Http/Middleware/TransformsRequest.php(21): Illuminate\\Pipeline\\Pipeline->Illuminate\\Pipeline\\{closure}(Object(Illuminate\\Http\\Request))
#35 /var/www/html/practica/vendor/laravel/framework/src/Illuminate/Foundation/Http/Middleware/TrimStrings.php(51): Illuminate\\Foundation\\Http\\Middleware\\TransformsRequest->handle(Object(Illuminate\\Http\\Request), Object(Closure))
#36 /var/www/html/practica/vendor/laravel/framework/src/Illuminate/Pipeline/Pipeline.php(219): Illuminate\\Foundation\\Http\\Middleware\\TrimStrings->handle(Object(Illuminate\\Http\\Request), Object(Closure))
#37 /var/www/html/practica/vendor/laravel/framework/src/Illuminate/Http/Middleware/ValidatePostSize.php(27): Illuminate\\Pipeline\\Pipeline->Illuminate\\Pipeline\\{closure}(Object(Illuminate\\Http\\Request))
#38 /var/www/html/practica/vendor/laravel/framework/src/Illuminate/Pipeline/Pipeline.php(219): Illuminate\\Http\\Middleware\\ValidatePostSize->handle(Object(Illuminate\\Http\\Request), Object(Closure))
#39 /var/www/html/practica/vendor/laravel/framework/src/Illuminate/Foundation/Http/Middleware/PreventRequestsDuringMaintenance.php(109): Illuminate\\Pipeline\\Pipeline->Illuminate\\Pipeline\\{closure}(Object(Illuminate\\Http\\Request))
#40 /var/www/html/practica/vendor/laravel/framework/src/Illuminate/Pipeline/Pipeline.php(219): Illuminate\\Foundation\\Http\\Middleware\\PreventRequestsDuringMaintenance->handle(Object(Illuminate\\Http\\Request), Object(Closure))
#41 /var/www/html/practica/vendor/laravel/framework/src/Illuminate/Http/Middleware/HandleCors.php(48): Illuminate\\Pipeline\\Pipeline->Illuminate\\Pipeline\\{closure}(Object(Illuminate\\Http\\Request))
#42 /var/www/html/practica/vendor/laravel/framework/src/Illuminate/Pipeline/Pipeline.php(219): Illuminate\\Http\\Middleware\\HandleCors->handle(Object(Illuminate\\Http\\Request), Object(Closure))
#43 /var/www/html/practica/vendor/laravel/framework/src/Illuminate/Http/Middleware/TrustProxies.php(58): Illuminate\\Pipeline\\Pipeline->Illuminate\\Pipeline\\{closure}(Object(Illuminate\\Http\\Request))
#44 /var/www/html/practica/vendor/laravel/framework/src/Illuminate/Pipeline/Pipeline.php(219): Illuminate\\Http\\Middleware\\TrustProxies->handle(Object(Illuminate\\Http\\Request), Object(Closure))
#45 /var/www/html/practica/vendor/laravel/framework/src/Illuminate/Foundation/Http/Middleware/InvokeDeferredCallbacks.php(22): Illuminate\\Pipeline\\Pipeline->Illuminate\\Pipeline\\{closure}(Object(Illuminate\\Http\\Request))
#46 /var/www/html/practica/vendor/laravel/framework/src/Illuminate/Pipeline/Pipeline.php(219): Illuminate\\Foundation\\Http\\Middleware\\InvokeDeferredCallbacks->handle(Object(Illuminate\\Http\\Request), Object(Closure))
#47 /var/www/html/practica/vendor/laravel/framework/src/Illuminate/Http/Middleware/ValidatePathEncoding.php(26): Illuminate\\Pipeline\\Pipeline->Illuminate\\Pipeline\\{closure}(Object(Illuminate\\Http\\Request))
#48 /var/www/html/practica/vendor/laravel/framework/src/Illuminate/Pipeline/Pipeline.php(219): Illuminate\\Http\\Middleware\\ValidatePathEncoding->handle(Object(Illuminate\\Http\\Request), Object(Closure))
#49 /var/www/html/practica/vendor/laravel/framework/src/Illuminate/Pipeline/Pipeline.php(137): Illuminate\\Pipeline\\Pipeline->Illuminate\\Pipeline\\{closure}(Object(Illuminate\\Http\\Request))
#50 /var/www/html/practica/vendor/laravel/framework/src/Illuminate/Foundation/Http/Kernel.php(175): Illuminate\\Pipeline\\Pipeline->then(Object(Closure))
#51 /var/www/html/practica/vendor/laravel/framework/src/Illuminate/Foundation/Http/Kernel.php(144): Illuminate\\Foundation\\Http\\Kernel->sendRequestThroughRouter(Object(Illuminate\\Http\\Request))
#52 /var/www/html/practica/vendor/laravel/framework/src/Illuminate/Foundation/Application.php(1220): Illuminate\\Foundation\\Http\\Kernel->handle(Object(Illuminate\\Http\\Request))
#53 /var/www/html/practica/public/index.php(20): Illuminate\\Foundation\\Application->handleRequest(Object(Illuminate\\Http\\Request))
#54 {main}
"} 
[2025-10-30 04:08:26] local.ERROR: The "--class:ProductoSeeder" option does not exist. {"exception":"[object] (Symfony\\Component\\Console\\Exception\\RuntimeException(code: 0): The \"--class:ProductoSeeder\" option does not exist. at /var/www/html/practica/vendor/symfony/console/Input/ArgvInput.php:226)
[stacktrace]
#0 /var/www/html/practica/vendor/symfony/console/Input/ArgvInput.php(155): Symfony\\Component\\Console\\Input\\ArgvInput->addLongOption('class:ProductoS...', NULL)
#1 /var/www/html/practica/vendor/symfony/console/Input/ArgvInput.php(88): Symfony\\Component\\Console\\Input\\ArgvInput->parseLongOption('--class:Product...')
#2 /var/www/html/practica/vendor/symfony/console/Input/ArgvInput.php(77): Symfony\\Component\\Console\\Input\\ArgvInput->parseToken('--class:Product...', true)
#3 /var/www/html/practica/vendor/symfony/console/Input/Input.php(53): Symfony\\Component\\Console\\Input\\ArgvInput->parse()
#4 /var/www/html/practica/vendor/symfony/console/Command/Command.php(276): Symfony\\Component\\Console\\Input\\Input->bind(Object(Symfony\\Component\\Console\\Input\\InputDefinition))
#5 /var/www/html/practica/vendor/laravel/framework/src/Illuminate/Console/Command.php(180): Symfony\\Component\\Console\\Command\\Command->run(Object(Symfony\\Component\\Console\\Input\\ArgvInput), Object(Illuminate\\Console\\OutputStyle))
#6 /var/www/html/practica/vendor/symfony/console/Application.php(1073): Illuminate\\Console\\Command->run(Object(Symfony\\Component\\Console\\Input\\ArgvInput), Object(Symfony\\Component\\Console\\Output\\ConsoleOutput))
#7 /var/www/html/practica/vendor/symfony/console/Application.php(356): Symfony\\Component\\Console\\Application->doRunCommand(Object(Illuminate\\Database\\Console\\Seeds\\SeedCommand), Object(Symfony\\Component\\Console\\Input\\ArgvInput), Object(Symfony\\Component\\Console\\Output\\ConsoleOutput))
#8 /var/www/html/practica/vendor/symfony/console/Application.php(195): Symfony\\Component\\Console\\Application->doRun(Object(Symfony\\Component\\Console\\Input\\ArgvInput), Object(Symfony\\Component\\Console\\Output\\ConsoleOutput))
#9 /var/www/html/practica/vendor/laravel/framework/src/Illuminate/Foundation/Console/Kernel.php(197): Symfony\\Component\\Console\\Application->run(Object(Symfony\\Component\\Console\\Input\\ArgvInput), Object(Symfony\\Component\\Console\\Output\\ConsoleOutput))
#10 /var/www/html/practica/vendor/laravel/framework/src/Illuminate/Foundation/Application.php(1235): Illuminate\\Foundation\\Console\\Kernel->handle(Object(Symfony\\Component\\Console\\Input\\ArgvInput), Object(Symfony\\Component\\Console\\Output\\ConsoleOutput))
#11 /var/www/html/practica/artisan(16): Illuminate\\Foundation\\Application->handleCommand(Object(Symfony\\Component\\Console\\Input\\ArgvInput))
#12 {main}
"} 
[2025-10-30 04:08:41] local.ERROR: SQLSTATE[42S02]: Base table or view not found: 1146 Table 'nuevo.tbl_productos' doesn't exist (Connection: mysql, SQL: insert into `tbl_productos` (`nombre`, `precio`, `cantidad`, `updated_at`, `created_at`) values (Prof. Ofelia Connelly, 20, 20, 2025-10-30 04:08:41, 2025-10-30 04:08:41)) {"exception":"[object] (Illuminate\\Database\\QueryException(code: 42S02): SQLSTATE[42S02]: Base table or view not found: 1146 Table 'nuevo.tbl_productos' doesn't exist (Connection: mysql, SQL: insert into `tbl_productos` (`nombre`, `precio`, `cantidad`, `updated_at`, `created_at`) values (Prof. Ofelia Connelly, 20, 20, 2025-10-30 04:08:41, 2025-10-30 04:08:41)) at /var/www/html/practica/vendor/laravel/framework/src/Illuminate/Database/Connection.php:824)
[stacktrace]
#0 /var/www/html/practica/vendor/laravel/framework/src/Illuminate/Database/Connection.php(778): Illuminate\\Database\\Connection->runQueryCallback('insert into `tb...', Array, Object(Closure))
#1 /var/www/html/practica/vendor/laravel/framework/src/Illuminate/Database/MySqlConnection.php(42): Illuminate\\Database\\Connection->run('insert into `tb...', Array, Object(Closure))
#2 /var/www/html/practica/vendor/laravel/framework/src/Illuminate/Database/Query/Processors/MySqlProcessor.php(35): Illuminate\\Database\\MySqlConnection->insert('insert into `tb...', Array, 'id')
#3 /var/www/html/practica/vendor/laravel/framework/src/Illuminate/Database/Query/Builder.php(3853): Illuminate\\Database\\Query\\Processors\\MySqlProcessor->processInsertGetId(Object(Illuminate\\Database\\Query\\Builder), 'insert into `tb...', Array, 'id')
#4 /var/www/html/practica/vendor/laravel/framework/src/Illuminate/Database/Eloquent/Builder.php(2235): Illuminate\\Database\\Query\\Builder->insertGetId(Array, 'id')
#5 /var/www/html/practica/vendor/laravel/framework/src/Illuminate/Database/Eloquent/Model.php(1436): Illuminate\\Database\\Eloquent\\Builder->__call('insertGetId', Array)
#6 /var/www/html/practica/vendor/laravel/framework/src/Illuminate/Database/Eloquent/Model.php(1401): Illuminate\\Database\\Eloquent\\Model->insertAndSetId(Object(Illuminate\\Database\\Eloquent\\Builder), Array)
#7 /var/www/html/practica/vendor/laravel/framework/src/Illuminate/Database/Eloquent/Model.php(1240): Illuminate\\Database\\Eloquent\\Model->performInsert(Object(Illuminate\\Database\\Eloquent\\Builder))
#8 /var/www/html/practica/vendor/laravel/framework/src/Illuminate/Database/Eloquent/Factories/Factory.php(370): Illuminate\\Database\\Eloquent\\Model->save()
#9 /var/www/html/practica/vendor/laravel/framework/src/Illuminate/Collections/Traits/EnumeratesValues.php(271): Illuminate\\Database\\Eloquent\\Factories\\Factory->Illuminate\\Database\\Eloquent\\Factories\\{closure}(Object(App\\Models\\Producto), 0)
#10 /var/www/html/practica/vendor/laravel/framework/src/Illuminate/Database/Eloquent/Factories/Factory.php(365): Illuminate\\Support\\Collection->each(Object(Closure))
#11 /var/www/html/practica/vendor/laravel/framework/src/Illuminate/Database/Eloquent/Factories/Factory.php(325): Illuminate\\Database\\Eloquent\\Factories\\Factory->store(Object(Illuminate\\Database\\Eloquent\\Collection))
#12 /var/www/html/practica/database/seeders/ProductoSeeder.php(16): Illuminate\\Database\\Eloquent\\Factories\\Factory->create()
#13 /var/www/html/practica/vendor/laravel/framework/src/Illuminate/Container/BoundMethod.php(36): Database\\Seeders\\ProductoSeeder->run()
#14 /var/www/html/practica/vendor/laravel/framework/src/Illuminate/Container/Util.php(43): Illuminate\\Container\\BoundMethod::Illuminate\\Container\\{closure}()
#15 /var/www/html/practica/vendor/laravel/framework/src/Illuminate/Container/BoundMethod.php(96): Illuminate\\Container\\Util::unwrapIfClosure(Object(Closure))
#16 /var/www/html/practica/vendor/laravel/framework/src/Illuminate/Container/BoundMethod.php(35): Illuminate\\Container\\BoundMethod::callBoundMethod(Object(Illuminate\\Foundation\\Application), Array, Object(Closure))
#17 /var/www/html/practica/vendor/laravel/framework/src/Illuminate/Container/Container.php(836): Illuminate\\Container\\BoundMethod::call(Object(Illuminate\\Foundation\\Application), Array, Array, NULL)
#18 /var/www/html/practica/vendor/laravel/framework/src/Illuminate/Database/Seeder.php(184): Illuminate\\Container\\Container->call(Array, Array)
#19 /var/www/html/practica/vendor/laravel/framework/src/Illuminate/Database/Seeder.php(193): Illuminate\\Database\\Seeder->Illuminate\\Database\\{closure}()
#20 /var/www/html/practica/vendor/laravel/framework/src/Illuminate/Database/Console/Seeds/SeedCommand.php(71): Illuminate\\Database\\Seeder->__invoke()
#21 /var/www/html/practica/vendor/laravel/framework/src/Illuminate/Database/Eloquent/Concerns/GuardsAttributes.php(157): Illuminate\\Database\\Console\\Seeds\\SeedCommand->Illuminate\\Database\\Console\\Seeds\\{closure}()
#22 /var/www/html/practica/vendor/laravel/framework/src/Illuminate/Database/Console/Seeds/SeedCommand.php(70): Illuminate\\Database\\Eloquent\\Model::unguarded(Object(Closure))
#23 /var/www/html/practica/vendor/laravel/framework/src/Illuminate/Container/BoundMethod.php(36): Illuminate\\Database\\Console\\Seeds\\SeedCommand->handle()
#24 /var/www/html/practica/vendor/laravel/framework/src/Illuminate/Container/Util.php(43): Illuminate\\Container\\BoundMethod::Illuminate\\Container\\{closure}()
#25 /var/www/html/practica/vendor/laravel/framework/src/Illuminate/Container/BoundMethod.php(96): Illuminate\\Container\\Util::unwrapIfClosure(Object(Closure))
#26 /var/www/html/practica/vendor/laravel/framework/src/Illuminate/Container/BoundMethod.php(35): Illuminate\\Container\\BoundMethod::callBoundMethod(Object(Illuminate\\Foundation\\Application), Array, Object(Closure))
#27 /var/www/html/practica/vendor/laravel/framework/src/Illuminate/Container/Container.php(836): Illuminate\\Container\\BoundMethod::call(Object(Illuminate\\Foundation\\Application), Array, Array, NULL)
#28 /var/www/html/practica/vendor/laravel/framework/src/Illuminate/Console/Command.php(211): Illuminate\\Container\\Container->call(Array)
#29 /var/www/html/practica/vendor/symfony/console/Command/Command.php(318): Illuminate\\Console\\Command->execute(Object(Symfony\\Component\\Console\\Input\\ArgvInput), Object(Illuminate\\Console\\OutputStyle))
#30 /var/www/html/practica/vendor/laravel/framework/src/Illuminate/Console/Command.php(180): Symfony\\Component\\Console\\Command\\Command->run(Object(Symfony\\Component\\Console\\Input\\ArgvInput), Object(Illuminate\\Console\\OutputStyle))
#31 /var/www/html/practica/vendor/symfony/console/Application.php(1073): Illuminate\\Console\\Command->run(Object(Symfony\\Component\\Console\\Input\\ArgvInput), Object(Symfony\\Component\\Console\\Output\\ConsoleOutput))
#32 /var/www/html/practica/vendor/symfony/console/Application.php(356): Symfony\\Component\\Console\\Application->doRunCommand(Object(Illuminate\\Database\\Console\\Seeds\\SeedCommand), Object(Symfony\\Component\\Console\\Input\\ArgvInput), Object(Symfony\\Component\\Console\\Output\\ConsoleOutput))
#33 /var/www/html/practica/vendor/symfony/console/Application.php(195): Symfony\\Component\\Console\\Application->doRun(Object(Symfony\\Component\\Console\\Input\\ArgvInput), Object(Symfony\\Component\\Console\\Output\\ConsoleOutput))
#34 /var/www/html/practica/vendor/laravel/framework/src/Illuminate/Foundation/Console/Kernel.php(197): Symfony\\Component\\Console\\Application->run(Object(Symfony\\Component\\Console\\Input\\ArgvInput), Object(Symfony\\Component\\Console\\Output\\ConsoleOutput))
#35 /var/www/html/practica/vendor/laravel/framework/src/Illuminate/Foundation/Application.php(1235): Illuminate\\Foundation\\Console\\Kernel->handle(Object(Symfony\\Component\\Console\\Input\\ArgvInput), Object(Symfony\\Component\\Console\\Output\\ConsoleOutput))
#36 /var/www/html/practica/artisan(16): Illuminate\\Foundation\\Application->handleCommand(Object(Symfony\\Component\\Console\\Input\\ArgvInput))
#37 {main}

[previous exception] [object] (PDOException(code: 42S02): SQLSTATE[42S02]: Base table or view not found: 1146 Table 'nuevo.tbl_productos' doesn't exist at /var/www/html/practica/vendor/laravel/framework/src/Illuminate/Database/MySqlConnection.php:47)
[stacktrace]
#0 /var/www/html/practica/vendor/laravel/framework/src/Illuminate/Database/MySqlConnection.php(47): PDO->prepare('insert into `tb...')
#1 /var/www/html/practica/vendor/laravel/framework/src/Illuminate/Database/Connection.php(811): Illuminate\\Database\\MySqlConnection->Illuminate\\Database\\{closure}('insert into `tb...', Array)
#2 /var/www/html/practica/vendor/laravel/framework/src/Illuminate/Database/Connection.php(778): Illuminate\\Database\\Connection->runQueryCallback('insert into `tb...', Array, Object(Closure))
#3 /var/www/html/practica/vendor/laravel/framework/src/Illuminate/Database/MySqlConnection.php(42): Illuminate\\Database\\Connection->run('insert into `tb...', Array, Object(Closure))
#4 /var/www/html/practica/vendor/laravel/framework/src/Illuminate/Database/Query/Processors/MySqlProcessor.php(35): Illuminate\\Database\\MySqlConnection->insert('insert into `tb...', Array, 'id')
#5 /var/www/html/practica/vendor/laravel/framework/src/Illuminate/Database/Query/Builder.php(3853): Illuminate\\Database\\Query\\Processors\\MySqlProcessor->processInsertGetId(Object(Illuminate\\Database\\Query\\Builder), 'insert into `tb...', Array, 'id')
#6 /var/www/html/practica/vendor/laravel/framework/src/Illuminate/Database/Eloquent/Builder.php(2235): Illuminate\\Database\\Query\\Builder->insertGetId(Array, 'id')
#7 /var/www/html/practica/vendor/laravel/framework/src/Illuminate/Database/Eloquent/Model.php(1436): Illuminate\\Database\\Eloquent\\Builder->__call('insertGetId', Array)
#8 /var/www/html/practica/vendor/laravel/framework/src/Illuminate/Database/Eloquent/Model.php(1401): Illuminate\\Database\\Eloquent\\Model->insertAndSetId(Object(Illuminate\\Database\\Eloquent\\Builder), Array)
#9 /var/www/html/practica/vendor/laravel/framework/src/Illuminate/Database/Eloquent/Model.php(1240): Illuminate\\Database\\Eloquent\\Model->performInsert(Object(Illuminate\\Database\\Eloquent\\Builder))
#10 /var/www/html/practica/vendor/laravel/framework/src/Illuminate/Database/Eloquent/Factories/Factory.php(370): Illuminate\\Database\\Eloquent\\Model->save()
#11 /var/www/html/practica/vendor/laravel/framework/src/Illuminate/Collections/Traits/EnumeratesValues.php(271): Illuminate\\Database\\Eloquent\\Factories\\Factory->Illuminate\\Database\\Eloquent\\Factories\\{closure}(Object(App\\Models\\Producto), 0)
#12 /var/www/html/practica/vendor/laravel/framework/src/Illuminate/Database/Eloquent/Factories/Factory.php(365): Illuminate\\Support\\Collection->each(Object(Closure))
#13 /var/www/html/practica/vendor/laravel/framework/src/Illuminate/Database/Eloquent/Factories/Factory.php(325): Illuminate\\Database\\Eloquent\\Factories\\Factory->store(Object(Illuminate\\Database\\Eloquent\\Collection))
#14 /var/www/html/practica/database/seeders/ProductoSeeder.php(16): Illuminate\\Database\\Eloquent\\Factories\\Factory->create()
#15 /var/www/html/practica/vendor/laravel/framework/src/Illuminate/Container/BoundMethod.php(36): Database\\Seeders\\ProductoSeeder->run()
#16 /var/www/html/practica/vendor/laravel/framework/src/Illuminate/Container/Util.php(43): Illuminate\\Container\\BoundMethod::Illuminate\\Container\\{closure}()
#17 /var/www/html/practica/vendor/laravel/framework/src/Illuminate/Container/BoundMethod.php(96): Illuminate\\Container\\Util::unwrapIfClosure(Object(Closure))
#18 /var/www/html/practica/vendor/laravel/framework/src/Illuminate/Container/BoundMethod.php(35): Illuminate\\Container\\BoundMethod::callBoundMethod(Object(Illuminate\\Foundation\\Application), Array, Object(Closure))
#19 /var/www/html/practica/vendor/laravel/framework/src/Illuminate/Container/Container.php(836): Illuminate\\Container\\BoundMethod::call(Object(Illuminate\\Foundation\\Application), Array, Array, NULL)
#20 /var/www/html/practica/vendor/laravel/framework/src/Illuminate/Database/Seeder.php(184): Illuminate\\Container\\Container->call(Array, Array)
#21 /var/www/html/practica/vendor/laravel/framework/src/Illuminate/Database/Seeder.php(193): Illuminate\\Database\\Seeder->Illuminate\\Database\\{closure}()
#22 /var/www/html/practica/vendor/laravel/framework/src/Illuminate/Database/Console/Seeds/SeedCommand.php(71): Illuminate\\Database\\Seeder->__invoke()
#23 /var/www/html/practica/vendor/laravel/framework/src/Illuminate/Database/Eloquent/Concerns/GuardsAttributes.php(157): Illuminate\\Database\\Console\\Seeds\\SeedCommand->Illuminate\\Database\\Console\\Seeds\\{closure}()
#24 /var/www/html/practica/vendor/laravel/framework/src/Illuminate/Database/Console/Seeds/SeedCommand.php(70): Illuminate\\Database\\Eloquent\\Model::unguarded(Object(Closure))
#25 /var/www/html/practica/vendor/laravel/framework/src/Illuminate/Container/BoundMethod.php(36): Illuminate\\Database\\Console\\Seeds\\SeedCommand->handle()
#26 /var/www/html/practica/vendor/laravel/framework/src/Illuminate/Container/Util.php(43): Illuminate\\Container\\BoundMethod::Illuminate\\Container\\{closure}()
#27 /var/www/html/practica/vendor/laravel/framework/src/Illuminate/Container/BoundMethod.php(96): Illuminate\\Container\\Util::unwrapIfClosure(Object(Closure))
#28 /var/www/html/practica/vendor/laravel/framework/src/Illuminate/Container/BoundMethod.php(35): Illuminate\\Container\\BoundMethod::callBoundMethod(Object(Illuminate\\Foundation\\Application), Array, Object(Closure))
#29 /var/www/html/practica/vendor/laravel/framework/src/Illuminate/Container/Container.php(836): Illuminate\\Container\\BoundMethod::call(Object(Illuminate\\Foundation\\Application), Array, Array, NULL)
#30 /var/www/html/practica/vendor/laravel/framework/src/Illuminate/Console/Command.php(211): Illuminate\\Container\\Container->call(Array)
#31 /var/www/html/practica/vendor/symfony/console/Command/Command.php(318): Illuminate\\Console\\Command->execute(Object(Symfony\\Component\\Console\\Input\\ArgvInput), Object(Illuminate\\Console\\OutputStyle))
#32 /var/www/html/practica/vendor/laravel/framework/src/Illuminate/Console/Command.php(180): Symfony\\Component\\Console\\Command\\Command->run(Object(Symfony\\Component\\Console\\Input\\ArgvInput), Object(Illuminate\\Console\\OutputStyle))
#33 /var/www/html/practica/vendor/symfony/console/Application.php(1073): Illuminate\\Console\\Command->run(Object(Symfony\\Component\\Console\\Input\\ArgvInput), Object(Symfony\\Component\\Console\\Output\\ConsoleOutput))
#34 /var/www/html/practica/vendor/symfony/console/Application.php(356): Symfony\\Component\\Console\\Application->doRunCommand(Object(Illuminate\\Database\\Console\\Seeds\\SeedCommand), Object(Symfony\\Component\\Console\\Input\\ArgvInput), Object(Symfony\\Component\\Console\\Output\\ConsoleOutput))
#35 /var/www/html/practica/vendor/symfony/console/Application.php(195): Symfony\\Component\\Console\\Application->doRun(Object(Symfony\\Component\\Console\\Input\\ArgvInput), Object(Symfony\\Component\\Console\\Output\\ConsoleOutput))
#36 /var/www/html/practica/vendor/laravel/framework/src/Illuminate/Foundation/Console/Kernel.php(197): Symfony\\Component\\Console\\Application->run(Object(Symfony\\Component\\Console\\Input\\ArgvInput), Object(Symfony\\Component\\Console\\Output\\ConsoleOutput))
#37 /var/www/html/practica/vendor/laravel/framework/src/Illuminate/Foundation/Application.php(1235): Illuminate\\Foundation\\Console\\Kernel->handle(Object(Symfony\\Component\\Console\\Input\\ArgvInput), Object(Symfony\\Component\\Console\\Output\\ConsoleOutput))
#38 /var/www/html/practica/artisan(16): Illuminate\\Foundation\\Application->handleCommand(Object(Symfony\\Component\\Console\\Input\\ArgvInput))
#39 {main}
"} 
[2025-10-30 04:09:59] local.ERROR: SQLSTATE[42S02]: Base table or view not found: 1146 Table 'nuevo.tbl_productos' doesn't exist (Connection: mysql, SQL: insert into `tbl_productos` (`nombre`, `precio`, `cantidad`, `updated_at`, `created_at`) values (Mrs. Kattie Kuphal, 19, 12, 2025-10-30 04:09:59, 2025-10-30 04:09:59)) {"exception":"[object] (Illuminate\\Database\\QueryException(code: 42S02): SQLSTATE[42S02]: Base table or view not found: 1146 Table 'nuevo.tbl_productos' doesn't exist (Connection: mysql, SQL: insert into `tbl_productos` (`nombre`, `precio`, `cantidad`, `updated_at`, `created_at`) values (Mrs. Kattie Kuphal, 19, 12, 2025-10-30 04:09:59, 2025-10-30 04:09:59)) at /var/www/html/practica/vendor/laravel/framework/src/Illuminate/Database/Connection.php:824)
[stacktrace]
#0 /var/www/html/practica/vendor/laravel/framework/src/Illuminate/Database/Connection.php(778): Illuminate\\Database\\Connection->runQueryCallback('insert into `tb...', Array, Object(Closure))
#1 /var/www/html/practica/vendor/laravel/framework/src/Illuminate/Database/MySqlConnection.php(42): Illuminate\\Database\\Connection->run('insert into `tb...', Array, Object(Closure))
#2 /var/www/html/practica/vendor/laravel/framework/src/Illuminate/Database/Query/Processors/MySqlProcessor.php(35): Illuminate\\Database\\MySqlConnection->insert('insert into `tb...', Array, 'id')
#3 /var/www/html/practica/vendor/laravel/framework/src/Illuminate/Database/Query/Builder.php(3853): Illuminate\\Database\\Query\\Processors\\MySqlProcessor->processInsertGetId(Object(Illuminate\\Database\\Query\\Builder), 'insert into `tb...', Array, 'id')
#4 /var/www/html/practica/vendor/laravel/framework/src/Illuminate/Database/Eloquent/Builder.php(2235): Illuminate\\Database\\Query\\Builder->insertGetId(Array, 'id')
#5 /var/www/html/practica/vendor/laravel/framework/src/Illuminate/Database/Eloquent/Model.php(1436): Illuminate\\Database\\Eloquent\\Builder->__call('insertGetId', Array)
#6 /var/www/html/practica/vendor/laravel/framework/src/Illuminate/Database/Eloquent/Model.php(1401): Illuminate\\Database\\Eloquent\\Model->insertAndSetId(Object(Illuminate\\Database\\Eloquent\\Builder), Array)
#7 /var/www/html/practica/vendor/laravel/framework/src/Illuminate/Database/Eloquent/Model.php(1240): Illuminate\\Database\\Eloquent\\Model->performInsert(Object(Illuminate\\Database\\Eloquent\\Builder))
#8 /var/www/html/practica/vendor/laravel/framework/src/Illuminate/Database/Eloquent/Factories/Factory.php(370): Illuminate\\Database\\Eloquent\\Model->save()
#9 /var/www/html/practica/vendor/laravel/framework/src/Illuminate/Collections/Traits/EnumeratesValues.php(271): Illuminate\\Database\\Eloquent\\Factories\\Factory->Illuminate\\Database\\Eloquent\\Factories\\{closure}(Object(App\\Models\\Producto), 0)
#10 /var/www/html/practica/vendor/laravel/framework/src/Illuminate/Database/Eloquent/Factories/Factory.php(365): Illuminate\\Support\\Collection->each(Object(Closure))
#11 /var/www/html/practica/vendor/laravel/framework/src/Illuminate/Database/Eloquent/Factories/Factory.php(325): Illuminate\\Database\\Eloquent\\Factories\\Factory->store(Object(Illuminate\\Database\\Eloquent\\Collection))
#12 /var/www/html/practica/database/seeders/ProductoSeeder.php(16): Illuminate\\Database\\Eloquent\\Factories\\Factory->create()
#13 /var/www/html/practica/vendor/laravel/framework/src/Illuminate/Container/BoundMethod.php(36): Database\\Seeders\\ProductoSeeder->run()
#14 /var/www/html/practica/vendor/laravel/framework/src/Illuminate/Container/Util.php(43): Illuminate\\Container\\BoundMethod::Illuminate\\Container\\{closure}()
#15 /var/www/html/practica/vendor/laravel/framework/src/Illuminate/Container/BoundMethod.php(96): Illuminate\\Container\\Util::unwrapIfClosure(Object(Closure))
#16 /var/www/html/practica/vendor/laravel/framework/src/Illuminate/Container/BoundMethod.php(35): Illuminate\\Container\\BoundMethod::callBoundMethod(Object(Illuminate\\Foundation\\Application), Array, Object(Closure))
#17 /var/www/html/practica/vendor/laravel/framework/src/Illuminate/Container/Container.php(836): Illuminate\\Container\\BoundMethod::call(Object(Illuminate\\Foundation\\Application), Array, Array, NULL)
#18 /var/www/html/practica/vendor/laravel/framework/src/Illuminate/Database/Seeder.php(184): Illuminate\\Container\\Container->call(Array, Array)
#19 /var/www/html/practica/vendor/laravel/framework/src/Illuminate/Database/Seeder.php(193): Illuminate\\Database\\Seeder->Illuminate\\Database\\{closure}()
#20 /var/www/html/practica/vendor/laravel/framework/src/Illuminate/Database/Console/Seeds/SeedCommand.php(71): Illuminate\\Database\\Seeder->__invoke()
#21 /var/www/html/practica/vendor/laravel/framework/src/Illuminate/Database/Eloquent/Concerns/GuardsAttributes.php(157): Illuminate\\Database\\Console\\Seeds\\SeedCommand->Illuminate\\Database\\Console\\Seeds\\{closure}()
#22 /var/www/html/practica/vendor/laravel/framework/src/Illuminate/Database/Console/Seeds/SeedCommand.php(70): Illuminate\\Database\\Eloquent\\Model::unguarded(Object(Closure))
#23 /var/www/html/practica/vendor/laravel/framework/src/Illuminate/Container/BoundMethod.php(36): Illuminate\\Database\\Console\\Seeds\\SeedCommand->handle()
#24 /var/www/html/practica/vendor/laravel/framework/src/Illuminate/Container/Util.php(43): Illuminate\\Container\\BoundMethod::Illuminate\\Container\\{closure}()
#25 /var/www/html/practica/vendor/laravel/framework/src/Illuminate/Container/BoundMethod.php(96): Illuminate\\Container\\Util::unwrapIfClosure(Object(Closure))
#26 /var/www/html/practica/vendor/laravel/framework/src/Illuminate/Container/BoundMethod.php(35): Illuminate\\Container\\BoundMethod::callBoundMethod(Object(Illuminate\\Foundation\\Application), Array, Object(Closure))
#27 /var/www/html/practica/vendor/laravel/framework/src/Illuminate/Container/Container.php(836): Illuminate\\Container\\BoundMethod::call(Object(Illuminate\\Foundation\\Application), Array, Array, NULL)
#28 /var/www/html/practica/vendor/laravel/framework/src/Illuminate/Console/Command.php(211): Illuminate\\Container\\Container->call(Array)
#29 /var/www/html/practica/vendor/symfony/console/Command/Command.php(318): Illuminate\\Console\\Command->execute(Object(Symfony\\Component\\Console\\Input\\ArgvInput), Object(Illuminate\\Console\\OutputStyle))
#30 /var/www/html/practica/vendor/laravel/framework/src/Illuminate/Console/Command.php(180): Symfony\\Component\\Console\\Command\\Command->run(Object(Symfony\\Component\\Console\\Input\\ArgvInput), Object(Illuminate\\Console\\OutputStyle))
#31 /var/www/html/practica/vendor/symfony/console/Application.php(1073): Illuminate\\Console\\Command->run(Object(Symfony\\Component\\Console\\Input\\ArgvInput), Object(Symfony\\Component\\Console\\Output\\ConsoleOutput))
#32 /var/www/html/practica/vendor/symfony/console/Application.php(356): Symfony\\Component\\Console\\Application->doRunCommand(Object(Illuminate\\Database\\Console\\Seeds\\SeedCommand), Object(Symfony\\Component\\Console\\Input\\ArgvInput), Object(Symfony\\Component\\Console\\Output\\ConsoleOutput))
#33 /var/www/html/practica/vendor/symfony/console/Application.php(195): Symfony\\Component\\Console\\Application->doRun(Object(Symfony\\Component\\Console\\Input\\ArgvInput), Object(Symfony\\Component\\Console\\Output\\ConsoleOutput))
#34 /var/www/html/practica/vendor/laravel/framework/src/Illuminate/Foundation/Console/Kernel.php(197): Symfony\\Component\\Console\\Application->run(Object(Symfony\\Component\\Console\\Input\\ArgvInput), Object(Symfony\\Component\\Console\\Output\\ConsoleOutput))
#35 /var/www/html/practica/vendor/laravel/framework/src/Illuminate/Foundation/Application.php(1235): Illuminate\\Foundation\\Console\\Kernel->handle(Object(Symfony\\Component\\Console\\Input\\ArgvInput), Object(Symfony\\Component\\Console\\Output\\ConsoleOutput))
#36 /var/www/html/practica/artisan(16): Illuminate\\Foundation\\Application->handleCommand(Object(Symfony\\Component\\Console\\Input\\ArgvInput))
#37 {main}

[previous exception] [object] (PDOException(code: 42S02): SQLSTATE[42S02]: Base table or view not found: 1146 Table 'nuevo.tbl_productos' doesn't exist at /var/www/html/practica/vendor/laravel/framework/src/Illuminate/Database/MySqlConnection.php:47)
[stacktrace]
#0 /var/www/html/practica/vendor/laravel/framework/src/Illuminate/Database/MySqlConnection.php(47): PDO->prepare('insert into `tb...')
#1 /var/www/html/practica/vendor/laravel/framework/src/Illuminate/Database/Connection.php(811): Illuminate\\Database\\MySqlConnection->Illuminate\\Database\\{closure}('insert into `tb...', Array)
#2 /var/www/html/practica/vendor/laravel/framework/src/Illuminate/Database/Connection.php(778): Illuminate\\Database\\Connection->runQueryCallback('insert into `tb...', Array, Object(Closure))
#3 /var/www/html/practica/vendor/laravel/framework/src/Illuminate/Database/MySqlConnection.php(42): Illuminate\\Database\\Connection->run('insert into `tb...', Array, Object(Closure))
#4 /var/www/html/practica/vendor/laravel/framework/src/Illuminate/Database/Query/Processors/MySqlProcessor.php(35): Illuminate\\Database\\MySqlConnection->insert('insert into `tb...', Array, 'id')
#5 /var/www/html/practica/vendor/laravel/framework/src/Illuminate/Database/Query/Builder.php(3853): Illuminate\\Database\\Query\\Processors\\MySqlProcessor->processInsertGetId(Object(Illuminate\\Database\\Query\\Builder), 'insert into `tb...', Array, 'id')
#6 /var/www/html/practica/vendor/laravel/framework/src/Illuminate/Database/Eloquent/Builder.php(2235): Illuminate\\Database\\Query\\Builder->insertGetId(Array, 'id')
#7 /var/www/html/practica/vendor/laravel/framework/src/Illuminate/Database/Eloquent/Model.php(1436): Illuminate\\Database\\Eloquent\\Builder->__call('insertGetId', Array)
#8 /var/www/html/practica/vendor/laravel/framework/src/Illuminate/Database/Eloquent/Model.php(1401): Illuminate\\Database\\Eloquent\\Model->insertAndSetId(Object(Illuminate\\Database\\Eloquent\\Builder), Array)
#9 /var/www/html/practica/vendor/laravel/framework/src/Illuminate/Database/Eloquent/Model.php(1240): Illuminate\\Database\\Eloquent\\Model->performInsert(Object(Illuminate\\Database\\Eloquent\\Builder))
#10 /var/www/html/practica/vendor/laravel/framework/src/Illuminate/Database/Eloquent/Factories/Factory.php(370): Illuminate\\Database\\Eloquent\\Model->save()
#11 /var/www/html/practica/vendor/laravel/framework/src/Illuminate/Collections/Traits/EnumeratesValues.php(271): Illuminate\\Database\\Eloquent\\Factories\\Factory->Illuminate\\Database\\Eloquent\\Factories\\{closure}(Object(App\\Models\\Producto), 0)
#12 /var/www/html/practica/vendor/laravel/framework/src/Illuminate/Database/Eloquent/Factories/Factory.php(365): Illuminate\\Support\\Collection->each(Object(Closure))
#13 /var/www/html/practica/vendor/laravel/framework/src/Illuminate/Database/Eloquent/Factories/Factory.php(325): Illuminate\\Database\\Eloquent\\Factories\\Factory->store(Object(Illuminate\\Database\\Eloquent\\Collection))
#14 /var/www/html/practica/database/seeders/ProductoSeeder.php(16): Illuminate\\Database\\Eloquent\\Factories\\Factory->create()
#15 /var/www/html/practica/vendor/laravel/framework/src/Illuminate/Container/BoundMethod.php(36): Database\\Seeders\\ProductoSeeder->run()
#16 /var/www/html/practica/vendor/laravel/framework/src/Illuminate/Container/Util.php(43): Illuminate\\Container\\BoundMethod::Illuminate\\Container\\{closure}()
#17 /var/www/html/practica/vendor/laravel/framework/src/Illuminate/Container/BoundMethod.php(96): Illuminate\\Container\\Util::unwrapIfClosure(Object(Closure))
#18 /var/www/html/practica/vendor/laravel/framework/src/Illuminate/Container/BoundMethod.php(35): Illuminate\\Container\\BoundMethod::callBoundMethod(Object(Illuminate\\Foundation\\Application), Array, Object(Closure))
#19 /var/www/html/practica/vendor/laravel/framework/src/Illuminate/Container/Container.php(836): Illuminate\\Container\\BoundMethod::call(Object(Illuminate\\Foundation\\Application), Array, Array, NULL)
#20 /var/www/html/practica/vendor/laravel/framework/src/Illuminate/Database/Seeder.php(184): Illuminate\\Container\\Container->call(Array, Array)
#21 /var/www/html/practica/vendor/laravel/framework/src/Illuminate/Database/Seeder.php(193): Illuminate\\Database\\Seeder->Illuminate\\Database\\{closure}()
#22 /var/www/html/practica/vendor/laravel/framework/src/Illuminate/Database/Console/Seeds/SeedCommand.php(71): Illuminate\\Database\\Seeder->__invoke()
#23 /var/www/html/practica/vendor/laravel/framework/src/Illuminate/Database/Eloquent/Concerns/GuardsAttributes.php(157): Illuminate\\Database\\Console\\Seeds\\SeedCommand->Illuminate\\Database\\Console\\Seeds\\{closure}()
#24 /var/www/html/practica/vendor/laravel/framework/src/Illuminate/Database/Console/Seeds/SeedCommand.php(70): Illuminate\\Database\\Eloquent\\Model::unguarded(Object(Closure))
#25 /var/www/html/practica/vendor/laravel/framework/src/Illuminate/Container/BoundMethod.php(36): Illuminate\\Database\\Console\\Seeds\\SeedCommand->handle()
#26 /var/www/html/practica/vendor/laravel/framework/src/Illuminate/Container/Util.php(43): Illuminate\\Container\\BoundMethod::Illuminate\\Container\\{closure}()
#27 /var/www/html/practica/vendor/laravel/framework/src/Illuminate/Container/BoundMethod.php(96): Illuminate\\Container\\Util::unwrapIfClosure(Object(Closure))
#28 /var/www/html/practica/vendor/laravel/framework/src/Illuminate/Container/BoundMethod.php(35): Illuminate\\Container\\BoundMethod::callBoundMethod(Object(Illuminate\\Foundation\\Application), Array, Object(Closure))
#29 /var/www/html/practica/vendor/laravel/framework/src/Illuminate/Container/Container.php(836): Illuminate\\Container\\BoundMethod::call(Object(Illuminate\\Foundation\\Application), Array, Array, NULL)
#30 /var/www/html/practica/vendor/laravel/framework/src/Illuminate/Console/Command.php(211): Illuminate\\Container\\Container->call(Array)
#31 /var/www/html/practica/vendor/symfony/console/Command/Command.php(318): Illuminate\\Console\\Command->execute(Object(Symfony\\Component\\Console\\Input\\ArgvInput), Object(Illuminate\\Console\\OutputStyle))
#32 /var/www/html/practica/vendor/laravel/framework/src/Illuminate/Console/Command.php(180): Symfony\\Component\\Console\\Command\\Command->run(Object(Symfony\\Component\\Console\\Input\\ArgvInput), Object(Illuminate\\Console\\OutputStyle))
#33 /var/www/html/practica/vendor/symfony/console/Application.php(1073): Illuminate\\Console\\Command->run(Object(Symfony\\Component\\Console\\Input\\ArgvInput), Object(Symfony\\Component\\Console\\Output\\ConsoleOutput))
#34 /var/www/html/practica/vendor/symfony/console/Application.php(356): Symfony\\Component\\Console\\Application->doRunCommand(Object(Illuminate\\Database\\Console\\Seeds\\SeedCommand), Object(Symfony\\Component\\Console\\Input\\ArgvInput), Object(Symfony\\Component\\Console\\Output\\ConsoleOutput))
#35 /var/www/html/practica/vendor/symfony/console/Application.php(195): Symfony\\Component\\Console\\Application->doRun(Object(Symfony\\Component\\Console\\Input\\ArgvInput), Object(Symfony\\Component\\Console\\Output\\ConsoleOutput))
#36 /var/www/html/practica/vendor/laravel/framework/src/Illuminate/Foundation/Console/Kernel.php(197): Symfony\\Component\\Console\\Application->run(Object(Symfony\\Component\\Console\\Input\\ArgvInput), Object(Symfony\\Component\\Console\\Output\\ConsoleOutput))
#37 /var/www/html/practica/vendor/laravel/framework/src/Illuminate/Foundation/Application.php(1235): Illuminate\\Foundation\\Console\\Kernel->handle(Object(Symfony\\Component\\Console\\Input\\ArgvInput), Object(Symfony\\Component\\Console\\Output\\ConsoleOutput))
#38 /var/www/html/practica/artisan(16): Illuminate\\Foundation\\Application->handleCommand(Object(Symfony\\Component\\Console\\Input\\ArgvInput))
#39 {main}
"} 
[2025-10-30 04:45:37] local.ERROR: Command "migration" is not defined.

Did you mean one of these?
    make:migration
    migrate
    migrate:fresh
    migrate:install
    migrate:refresh
    migrate:reset
    migrate:rollback
    migrate:status {"exception":"[object] (Symfony\\Component\\Console\\Exception\\CommandNotFoundException(code: 0): Command \"migration\" is not defined.

Did you mean one of these?
    make:migration
    migrate
    migrate:fresh
    migrate:install
    migrate:refresh
    migrate:reset
    migrate:rollback
    migrate:status at /var/www/html/practica/vendor/symfony/console/Application.php:740)
[stacktrace]
#0 /var/www/html/practica/vendor/symfony/console/Application.php(298): Symfony\\Component\\Console\\Application->find('migration')
#1 /var/www/html/practica/vendor/symfony/console/Application.php(195): Symfony\\Component\\Console\\Application->doRun(Object(Symfony\\Component\\Console\\Input\\ArgvInput), Object(Symfony\\Component\\Console\\Output\\ConsoleOutput))
#2 /var/www/html/practica/vendor/laravel/framework/src/Illuminate/Foundation/Console/Kernel.php(197): Symfony\\Component\\Console\\Application->run(Object(Symfony\\Component\\Console\\Input\\ArgvInput), Object(Symfony\\Component\\Console\\Output\\ConsoleOutput))
#3 /var/www/html/practica/vendor/laravel/framework/src/Illuminate/Foundation/Application.php(1235): Illuminate\\Foundation\\Console\\Kernel->handle(Object(Symfony\\Component\\Console\\Input\\ArgvInput), Object(Symfony\\Component\\Console\\Output\\ConsoleOutput))
#4 /var/www/html/practica/artisan(16): Illuminate\\Foundation\\Application->handleCommand(Object(Symfony\\Component\\Console\\Input\\ArgvInput))
#5 {main}
"} 
[2025-10-30 04:54:30] local.ERROR: SQLSTATE[42S02]: Base table or view not found: 1146 Table 'appdb.tbl_productos' doesn't exist (Connection: mysql, SQL: insert into `tbl_productos` (`nombre`, `precio`, `cantidad`, `updated_at`, `created_at`) values (Sage Ebert, 11, 10, 2025-10-30 04:54:30, 2025-10-30 04:54:30)) {"exception":"[object] (Illuminate\\Database\\QueryException(code: 42S02): SQLSTATE[42S02]: Base table or view not found: 1146 Table 'appdb.tbl_productos' doesn't exist (Connection: mysql, SQL: insert into `tbl_productos` (`nombre`, `precio`, `cantidad`, `updated_at`, `created_at`) values (Sage Ebert, 11, 10, 2025-10-30 04:54:30, 2025-10-30 04:54:30)) at /var/www/html/practica/vendor/laravel/framework/src/Illuminate/Database/Connection.php:824)
[stacktrace]
#0 /var/www/html/practica/vendor/laravel/framework/src/Illuminate/Database/Connection.php(778): Illuminate\\Database\\Connection->runQueryCallback('insert into `tb...', Array, Object(Closure))
#1 /var/www/html/practica/vendor/laravel/framework/src/Illuminate/Database/MySqlConnection.php(42): Illuminate\\Database\\Connection->run('insert into `tb...', Array, Object(Closure))
#2 /var/www/html/practica/vendor/laravel/framework/src/Illuminate/Database/Query/Processors/MySqlProcessor.php(35): Illuminate\\Database\\MySqlConnection->insert('insert into `tb...', Array, 'id')
#3 /var/www/html/practica/vendor/laravel/framework/src/Illuminate/Database/Query/Builder.php(3853): Illuminate\\Database\\Query\\Processors\\MySqlProcessor->processInsertGetId(Object(Illuminate\\Database\\Query\\Builder), 'insert into `tb...', Array, 'id')
#4 /var/www/html/practica/vendor/laravel/framework/src/Illuminate/Database/Eloquent/Builder.php(2235): Illuminate\\Database\\Query\\Builder->insertGetId(Array, 'id')
#5 /var/www/html/practica/vendor/laravel/framework/src/Illuminate/Database/Eloquent/Model.php(1436): Illuminate\\Database\\Eloquent\\Builder->__call('insertGetId', Array)
#6 /var/www/html/practica/vendor/laravel/framework/src/Illuminate/Database/Eloquent/Model.php(1401): Illuminate\\Database\\Eloquent\\Model->insertAndSetId(Object(Illuminate\\Database\\Eloquent\\Builder), Array)
#7 /var/www/html/practica/vendor/laravel/framework/src/Illuminate/Database/Eloquent/Model.php(1240): Illuminate\\Database\\Eloquent\\Model->performInsert(Object(Illuminate\\Database\\Eloquent\\Builder))
#8 /var/www/html/practica/vendor/laravel/framework/src/Illuminate/Database/Eloquent/Factories/Factory.php(370): Illuminate\\Database\\Eloquent\\Model->save()
#9 /var/www/html/practica/vendor/laravel/framework/src/Illuminate/Collections/Traits/EnumeratesValues.php(271): Illuminate\\Database\\Eloquent\\Factories\\Factory->Illuminate\\Database\\Eloquent\\Factories\\{closure}(Object(App\\Models\\Producto), 0)
#10 /var/www/html/practica/vendor/laravel/framework/src/Illuminate/Database/Eloquent/Factories/Factory.php(365): Illuminate\\Support\\Collection->each(Object(Closure))
#11 /var/www/html/practica/vendor/laravel/framework/src/Illuminate/Database/Eloquent/Factories/Factory.php(325): Illuminate\\Database\\Eloquent\\Factories\\Factory->store(Object(Illuminate\\Database\\Eloquent\\Collection))
#12 /var/www/html/practica/database/seeders/ProductoSeeder.php(16): Illuminate\\Database\\Eloquent\\Factories\\Factory->create()
#13 /var/www/html/practica/vendor/laravel/framework/src/Illuminate/Container/BoundMethod.php(36): Database\\Seeders\\ProductoSeeder->run()
#14 /var/www/html/practica/vendor/laravel/framework/src/Illuminate/Container/Util.php(43): Illuminate\\Container\\BoundMethod::Illuminate\\Container\\{closure}()
#15 /var/www/html/practica/vendor/laravel/framework/src/Illuminate/Container/BoundMethod.php(96): Illuminate\\Container\\Util::unwrapIfClosure(Object(Closure))
#16 /var/www/html/practica/vendor/laravel/framework/src/Illuminate/Container/BoundMethod.php(35): Illuminate\\Container\\BoundMethod::callBoundMethod(Object(Illuminate\\Foundation\\Application), Array, Object(Closure))
#17 /var/www/html/practica/vendor/laravel/framework/src/Illuminate/Container/Container.php(836): Illuminate\\Container\\BoundMethod::call(Object(Illuminate\\Foundation\\Application), Array, Array, NULL)
#18 /var/www/html/practica/vendor/laravel/framework/src/Illuminate/Database/Seeder.php(184): Illuminate\\Container\\Container->call(Array, Array)
#19 /var/www/html/practica/vendor/laravel/framework/src/Illuminate/Database/Seeder.php(193): Illuminate\\Database\\Seeder->Illuminate\\Database\\{closure}()
#20 /var/www/html/practica/vendor/laravel/framework/src/Illuminate/Database/Console/Seeds/SeedCommand.php(71): Illuminate\\Database\\Seeder->__invoke()
#21 /var/www/html/practica/vendor/laravel/framework/src/Illuminate/Database/Eloquent/Concerns/GuardsAttributes.php(157): Illuminate\\Database\\Console\\Seeds\\SeedCommand->Illuminate\\Database\\Console\\Seeds\\{closure}()
#22 /var/www/html/practica/vendor/laravel/framework/src/Illuminate/Database/Console/Seeds/SeedCommand.php(70): Illuminate\\Database\\Eloquent\\Model::unguarded(Object(Closure))
#23 /var/www/html/practica/vendor/laravel/framework/src/Illuminate/Container/BoundMethod.php(36): Illuminate\\Database\\Console\\Seeds\\SeedCommand->handle()
#24 /var/www/html/practica/vendor/laravel/framework/src/Illuminate/Container/Util.php(43): Illuminate\\Container\\BoundMethod::Illuminate\\Container\\{closure}()
#25 /var/www/html/practica/vendor/laravel/framework/src/Illuminate/Container/BoundMethod.php(96): Illuminate\\Container\\Util::unwrapIfClosure(Object(Closure))
#26 /var/www/html/practica/vendor/laravel/framework/src/Illuminate/Container/BoundMethod.php(35): Illuminate\\Container\\BoundMethod::callBoundMethod(Object(Illuminate\\Foundation\\Application), Array, Object(Closure))
#27 /var/www/html/practica/vendor/laravel/framework/src/Illuminate/Container/Container.php(836): Illuminate\\Container\\BoundMethod::call(Object(Illuminate\\Foundation\\Application), Array, Array, NULL)
#28 /var/www/html/practica/vendor/laravel/framework/src/Illuminate/Console/Command.php(211): Illuminate\\Container\\Container->call(Array)
#29 /var/www/html/practica/vendor/symfony/console/Command/Command.php(318): Illuminate\\Console\\Command->execute(Object(Symfony\\Component\\Console\\Input\\ArgvInput), Object(Illuminate\\Console\\OutputStyle))
#30 /var/www/html/practica/vendor/laravel/framework/src/Illuminate/Console/Command.php(180): Symfony\\Component\\Console\\Command\\Command->run(Object(Symfony\\Component\\Console\\Input\\ArgvInput), Object(Illuminate\\Console\\OutputStyle))
#31 /var/www/html/practica/vendor/symfony/console/Application.php(1073): Illuminate\\Console\\Command->run(Object(Symfony\\Component\\Console\\Input\\ArgvInput), Object(Symfony\\Component\\Console\\Output\\ConsoleOutput))
#32 /var/www/html/practica/vendor/symfony/console/Application.php(356): Symfony\\Component\\Console\\Application->doRunCommand(Object(Illuminate\\Database\\Console\\Seeds\\SeedCommand), Object(Symfony\\Component\\Console\\Input\\ArgvInput), Object(Symfony\\Component\\Console\\Output\\ConsoleOutput))
#33 /var/www/html/practica/vendor/symfony/console/Application.php(195): Symfony\\Component\\Console\\Application->doRun(Object(Symfony\\Component\\Console\\Input\\ArgvInput), Object(Symfony\\Component\\Console\\Output\\ConsoleOutput))
#34 /var/www/html/practica/vendor/laravel/framework/src/Illuminate/Foundation/Console/Kernel.php(197): Symfony\\Component\\Console\\Application->run(Object(Symfony\\Component\\Console\\Input\\ArgvInput), Object(Symfony\\Component\\Console\\Output\\ConsoleOutput))
#35 /var/www/html/practica/vendor/laravel/framework/src/Illuminate/Foundation/Application.php(1235): Illuminate\\Foundation\\Console\\Kernel->handle(Object(Symfony\\Component\\Console\\Input\\ArgvInput), Object(Symfony\\Component\\Console\\Output\\ConsoleOutput))
#36 /var/www/html/practica/artisan(16): Illuminate\\Foundation\\Application->handleCommand(Object(Symfony\\Component\\Console\\Input\\ArgvInput))
#37 {main}

[previous exception] [object] (PDOException(code: 42S02): SQLSTATE[42S02]: Base table or view not found: 1146 Table 'appdb.tbl_productos' doesn't exist at /var/www/html/practica/vendor/laravel/framework/src/Illuminate/Database/MySqlConnection.php:47)
[stacktrace]
#0 /var/www/html/practica/vendor/laravel/framework/src/Illuminate/Database/MySqlConnection.php(47): PDO->prepare('insert into `tb...')
#1 /var/www/html/practica/vendor/laravel/framework/src/Illuminate/Database/Connection.php(811): Illuminate\\Database\\MySqlConnection->Illuminate\\Database\\{closure}('insert into `tb...', Array)
#2 /var/www/html/practica/vendor/laravel/framework/src/Illuminate/Database/Connection.php(778): Illuminate\\Database\\Connection->runQueryCallback('insert into `tb...', Array, Object(Closure))
#3 /var/www/html/practica/vendor/laravel/framework/src/Illuminate/Database/MySqlConnection.php(42): Illuminate\\Database\\Connection->run('insert into `tb...', Array, Object(Closure))
#4 /var/www/html/practica/vendor/laravel/framework/src/Illuminate/Database/Query/Processors/MySqlProcessor.php(35): Illuminate\\Database\\MySqlConnection->insert('insert into `tb...', Array, 'id')
#5 /var/www/html/practica/vendor/laravel/framework/src/Illuminate/Database/Query/Builder.php(3853): Illuminate\\Database\\Query\\Processors\\MySqlProcessor->processInsertGetId(Object(Illuminate\\Database\\Query\\Builder), 'insert into `tb...', Array, 'id')
#6 /var/www/html/practica/vendor/laravel/framework/src/Illuminate/Database/Eloquent/Builder.php(2235): Illuminate\\Database\\Query\\Builder->insertGetId(Array, 'id')
#7 /var/www/html/practica/vendor/laravel/framework/src/Illuminate/Database/Eloquent/Model.php(1436): Illuminate\\Database\\Eloquent\\Builder->__call('insertGetId', Array)
#8 /var/www/html/practica/vendor/laravel/framework/src/Illuminate/Database/Eloquent/Model.php(1401): Illuminate\\Database\\Eloquent\\Model->insertAndSetId(Object(Illuminate\\Database\\Eloquent\\Builder), Array)
#9 /var/www/html/practica/vendor/laravel/framework/src/Illuminate/Database/Eloquent/Model.php(1240): Illuminate\\Database\\Eloquent\\Model->performInsert(Object(Illuminate\\Database\\Eloquent\\Builder))
#10 /var/www/html/practica/vendor/laravel/framework/src/Illuminate/Database/Eloquent/Factories/Factory.php(370): Illuminate\\Database\\Eloquent\\Model->save()
#11 /var/www/html/practica/vendor/laravel/framework/src/Illuminate/Collections/Traits/EnumeratesValues.php(271): Illuminate\\Database\\Eloquent\\Factories\\Factory->Illuminate\\Database\\Eloquent\\Factories\\{closure}(Object(App\\Models\\Producto), 0)
#12 /var/www/html/practica/vendor/laravel/framework/src/Illuminate/Database/Eloquent/Factories/Factory.php(365): Illuminate\\Support\\Collection->each(Object(Closure))
#13 /var/www/html/practica/vendor/laravel/framework/src/Illuminate/Database/Eloquent/Factories/Factory.php(325): Illuminate\\Database\\Eloquent\\Factories\\Factory->store(Object(Illuminate\\Database\\Eloquent\\Collection))
#14 /var/www/html/practica/database/seeders/ProductoSeeder.php(16): Illuminate\\Database\\Eloquent\\Factories\\Factory->create()
#15 /var/www/html/practica/vendor/laravel/framework/src/Illuminate/Container/BoundMethod.php(36): Database\\Seeders\\ProductoSeeder->run()
#16 /var/www/html/practica/vendor/laravel/framework/src/Illuminate/Container/Util.php(43): Illuminate\\Container\\BoundMethod::Illuminate\\Container\\{closure}()
#17 /var/www/html/practica/vendor/laravel/framework/src/Illuminate/Container/BoundMethod.php(96): Illuminate\\Container\\Util::unwrapIfClosure(Object(Closure))
#18 /var/www/html/practica/vendor/laravel/framework/src/Illuminate/Container/BoundMethod.php(35): Illuminate\\Container\\BoundMethod::callBoundMethod(Object(Illuminate\\Foundation\\Application), Array, Object(Closure))
#19 /var/www/html/practica/vendor/laravel/framework/src/Illuminate/Container/Container.php(836): Illuminate\\Container\\BoundMethod::call(Object(Illuminate\\Foundation\\Application), Array, Array, NULL)
#20 /var/www/html/practica/vendor/laravel/framework/src/Illuminate/Database/Seeder.php(184): Illuminate\\Container\\Container->call(Array, Array)
#21 /var/www/html/practica/vendor/laravel/framework/src/Illuminate/Database/Seeder.php(193): Illuminate\\Database\\Seeder->Illuminate\\Database\\{closure}()
#22 /var/www/html/practica/vendor/laravel/framework/src/Illuminate/Database/Console/Seeds/SeedCommand.php(71): Illuminate\\Database\\Seeder->__invoke()
#23 /var/www/html/practica/vendor/laravel/framework/src/Illuminate/Database/Eloquent/Concerns/GuardsAttributes.php(157): Illuminate\\Database\\Console\\Seeds\\SeedCommand->Illuminate\\Database\\Console\\Seeds\\{closure}()
#24 /var/www/html/practica/vendor/laravel/framework/src/Illuminate/Database/Console/Seeds/SeedCommand.php(70): Illuminate\\Database\\Eloquent\\Model::unguarded(Object(Closure))
#25 /var/www/html/practica/vendor/laravel/framework/src/Illuminate/Container/BoundMethod.php(36): Illuminate\\Database\\Console\\Seeds\\SeedCommand->handle()
#26 /var/www/html/practica/vendor/laravel/framework/src/Illuminate/Container/Util.php(43): Illuminate\\Container\\BoundMethod::Illuminate\\Container\\{closure}()
#27 /var/www/html/practica/vendor/laravel/framework/src/Illuminate/Container/BoundMethod.php(96): Illuminate\\Container\\Util::unwrapIfClosure(Object(Closure))
#28 /var/www/html/practica/vendor/laravel/framework/src/Illuminate/Container/BoundMethod.php(35): Illuminate\\Container\\BoundMethod::callBoundMethod(Object(Illuminate\\Foundation\\Application), Array, Object(Closure))
#29 /var/www/html/practica/vendor/laravel/framework/src/Illuminate/Container/Container.php(836): Illuminate\\Container\\BoundMethod::call(Object(Illuminate\\Foundation\\Application), Array, Array, NULL)
#30 /var/www/html/practica/vendor/laravel/framework/src/Illuminate/Console/Command.php(211): Illuminate\\Container\\Container->call(Array)
#31 /var/www/html/practica/vendor/symfony/console/Command/Command.php(318): Illuminate\\Console\\Command->execute(Object(Symfony\\Component\\Console\\Input\\ArgvInput), Object(Illuminate\\Console\\OutputStyle))
#32 /var/www/html/practica/vendor/laravel/framework/src/Illuminate/Console/Command.php(180): Symfony\\Component\\Console\\Command\\Command->run(Object(Symfony\\Component\\Console\\Input\\ArgvInput), Object(Illuminate\\Console\\OutputStyle))
#33 /var/www/html/practica/vendor/symfony/console/Application.php(1073): Illuminate\\Console\\Command->run(Object(Symfony\\Component\\Console\\Input\\ArgvInput), Object(Symfony\\Component\\Console\\Output\\ConsoleOutput))
#34 /var/www/html/practica/vendor/symfony/console/Application.php(356): Symfony\\Component\\Console\\Application->doRunCommand(Object(Illuminate\\Database\\Console\\Seeds\\SeedCommand), Object(Symfony\\Component\\Console\\Input\\ArgvInput), Object(Symfony\\Component\\Console\\Output\\ConsoleOutput))
#35 /var/www/html/practica/vendor/symfony/console/Application.php(195): Symfony\\Component\\Console\\Application->doRun(Object(Symfony\\Component\\Console\\Input\\ArgvInput), Object(Symfony\\Component\\Console\\Output\\ConsoleOutput))
#36 /var/www/html/practica/vendor/laravel/framework/src/Illuminate/Foundation/Console/Kernel.php(197): Symfony\\Component\\Console\\Application->run(Object(Symfony\\Component\\Console\\Input\\ArgvInput), Object(Symfony\\Component\\Console\\Output\\ConsoleOutput))
#37 /var/www/html/practica/vendor/laravel/framework/src/Illuminate/Foundation/Application.php(1235): Illuminate\\Foundation\\Console\\Kernel->handle(Object(Symfony\\Component\\Console\\Input\\ArgvInput), Object(Symfony\\Component\\Console\\Output\\ConsoleOutput))
#38 /var/www/html/practica/artisan(16): Illuminate\\Foundation\\Application->handleCommand(Object(Symfony\\Component\\Console\\Input\\ArgvInput))
#39 {main}
"} 
